"Nirmala Sitharaman to equal Morarji Desai’s record with her sixth straight budget. Sitharaman, the first full-time woman finance minister of the country, has presented five full budgets since July 2019 and will present an interim or vote-on-account budget next week.
With the presentation of the interim budget on February 1, Sitharaman will surpass the records of her predecessors like Manmohan Singh, Arun Jaitley, P Chidambaram, and Yashwant Sinha, who had presented five budgets in a row.
Desai, as finance minister, had presented five annual budgets and one interim budget between 1959-1964. The interim budget 2024-25 to be presented by Sitharaman on February 1, will be a vote-on-account that will give the government authority to spend certain sums of money till a new government comes to office after the April-May general elections.
ADVERTISEMENT
As the Parliamentary elections are due, Sitharaman’s interim budget may not contain any major policy changes. Speaking at an industry event las","https://indianexpress.com/article/business/budget/finance-minister-nirmala-sitharaman-equal-morarji-desai-record-interim-budget-2024-9128868/",1,"2024-01-25","business"
"‘Will densify network, want to be at least no. 2 in any city pair’: Air India Express MD. The merger of Tata group’s budget airlines Air India Express (AI Express) and AIX Connect (formerly AirAsia India) into one carrier — AI Express — is on track for completion in the next three to four months, even as operational integration of the two is nearly complete. According to AI Express’s Managing Director Aloke Singh, the airline in its brand-new avatar aspires to double its market share by 2028, more than triple its fleet size to 180 aircraft, and build a dense network focussed on tier-two and tier-three cities, all while working in synergy with parent Air India to realise the group’s vision of emerging as a formidable player in India and beyond.
In an interaction with SUKALP SHARMA, Singh gives a lowdown of AI Express’s vision and strategy to chart ambitious growth in the coming years. Edited Excerpts:
How is the integration of AI Express and AIX Connect coming along?
The past year has b","https://indianexpress.com/article/business/aviation/interview-with-aloke-singh-md-air-india-express-9128164/",2,"2024-01-25","business"
"Air India group to induct an aircraft every six days throughout this year. The Air India group plans to induct one aircraft every six days on an average throughout 2024, including five more Airbus A350 wide-body aircraft, and 46 Boeing 737 and 17 Airbus A320 narrow-body planes, Air India’s Chief Executive Officer and Managing Director Campbell Wilson said Thursday in a message to staff ahead of the second anniversary of the carrier’s return to the Tata group. Apart from these 68 planes—part of the Air India group’s mammoth 470-aircraft order placed in 2023—four leased Boeing 777 wide-body planes will also join the carrier’s fleet.
Air India currently has 117 operational aircraft in its fleet, while its arm Air India Express has 63 planes. Under the new owners, Air India has been able to bring back to service 90 per cent of its long-grounded aircraft as well.
Apart from fleet expansion, 2024 will also see Air India kick off the full interior refit of 40 legacy wide-body aircraft—Boeing ","https://indianexpress.com/article/business/aviation/air-india-group-to-induct-an-aircraft-every-six-days-throughout-this-year-9128194/",3,"2024-01-25","business"
"Red Sea woes: Exporters seek increased credit as freight rates jump 300%. Indian exporters have asked the central government to help facilitate more credit as freight rates have jumped nearly 300 per cent due to the disruption in the Red Sea route forcing global shipping lines to take longer trade routes, which is ultimately affecting exports of low value items such as Basmati rice.
Increasing attacks on ships sailing in the Red Sea region since November 2023 have forced shippers to consider the alternative, longer route past the Cape of Good Hope, which has not only stretched delivery time by 15 to 20 days, but also increased the transit cost substantially because of incremental freight rates and insurance premium.
Federation of Indian Export Organisations (FIEO) Director General Ajay Sahai told The Indian Express that freight costs have surged by 300 per cent as global shipping lines are taking the Cape of Good Hope route, which is why exporters have sought more credit to match the r","https://indianexpress.com/article/business/red-sea-woes-exporters-seek-increased-credit-as-freight-rates-jump-300-9128191/",4,"2024-01-25","business"
"Air India group to induct a plane every 6 days throughout 2024; kick off legacy fleet revamp. The Air India group plans to induct one aircraft every six days an average throughout 2024, including five more Airbus A350 wide-body aircraft, and 46 Boeing 737 and 17 Airbus A320 narrow-body planes, Air India’s Chief Executive Officer and Managing Director Campbell Wilson said Thursday in a message to staff ahead of the second anniversary of the carrier’s return to the Tata group. Apart from these 68 planes—part of the Air India group’s mammoth 470-aircraft order placed in 2023—four leased Boeing 777 wide-body planes will also join the carrier’s fleet.
Air India currently has 117 operational aircraft in its fleet, while its arm Air India Express has 63 planes. Under the new owners, Air India has been able to bring back to service 90 per cent of its long-grounded aircraft as well.
Apart from fleet expansion, 2024 will also see Air India kick off the full interior refit of 40 legacy wide-body ","https://indianexpress.com/article/business/aviation/air-india-group-to-induct-a-plane-every-6-days-throughout-2024-9127949/",5,"2024-01-25","business"
"Q3 Earnings Results: JSW Steel, PNB, ACC report multifold jump in net profit. Q3 Earnings Today: Companies continued to report their Q3 results on Thursday as several heavyweights reports multifold increase in their net profits. This comes after banking and IT shares tanked on Indian equity markets at the backdrop of Tech Mahindra, which saw consolidated profits decline by 61 per cent to Rs 510.4 crores. However, the real estate sector stood out, limiting Sensex and Nifty indices’ fall.
JSW Steel
On the back of strong domestic demand, JSW Steel Ltd on January 25 (Thursday) reported a five-fold rise in consolidated net profit at Rs 2,450 crore for December quarter against Rs 474 crore in the year-ago period. Income during the third quarter increased to Rs 42,134 crore from Rs 39,322 crore in the year-ago period.
“The strong performance was driven by capacity utilisation rising to 94 per cent during the quarter vs 89 per cent in Q2 FY24 at the Indian operations,” the company said in a st","https://indianexpress.com/article/business/companies/q3-earnings-report-jsw-steel-pnb-acc-net-profit-sbi-life-9127623/",6,"2024-01-25","business"
"Blackstone’s fourth-quarter earnings rise 4% as asset sales pick up. Blackstone Inc reported a 4% rise in its fourth-quarter distributable earnings on Thursday, as the world’s largest private equity firm cashed out on more of its assets across real estate, credit, and hedge funds.
Distributable earnings, which represents cash used to pay dividends to shareholders, rose to nearly $1.4 billion in the three months to Dec. 31, up from $1.3 billion a year earlier.
This translated to distributable earnings per share of $1.11, which was slightly ahead of the average Wall Street analyst estimate of 95 cents, according to LSEG data.
ADVERTISEMENT
The company’s net profit from asset sales rose 16% to $424.8 million, even as high interest rates, economic uncertainty and market volatility continue to weigh on the ability of private equity firms to cash out their investments.
During the fourth quarter, the value of Blackstone’s opportunistic real estate portfolio lost 3.8%, corporate private funds ","https://indianexpress.com/article/business/companies/blackstone-q4-earnings-rise-as-asset-sales-pick-up-real-estate-9127693/",7,"2024-01-25","business"
"Zomato gets RBI’s approval to operate as online payment aggregator. The Reserve Bank of India (RBI) on Thursday granted a payment aggregator (PA) license to a wholly-owned subsidiary of food delivery platform Zomato, the company announced in an exchange filing. The move will allow Zomato Payment Private Limited (ZPPL) to facilitate e-commerce transactions through the platform.
“Pursuant to our earlier disclosure dated August 4, 2021, regarding the incorporation of Zomato Payments Private Limited (ZPPL), a wholly-owned subsidiary of Zomato Limited (the Company) to carry out the business, inter alia, as a payment aggregator and issuer of pre-paid payment instruments, we wish to inform that ZPPL has been granted a certificate of authorization dated January 24, 2024, from the Reserve Bank of India (RBI) to operate as an ‘Online Payment Aggregator’ in India with effect from January 24, 2024, as per the guidelines issued by the RBI,” the company said.
With this approval, the Deepinder Goyal-","https://indianexpress.com/article/business/companies/zomato-payment-zppl-rbi-approval-online-payment-aggregator-9127492/",8,"2024-01-25","business"
"India-UK FTA: Final push for deal as window closing fast, with poll MCC a line-in-the-sand. Top government officials from both India and the UK are making a final push to close pending issues in a bid to seal a free trade agreement (FTA) that has been in the works for the last two years, and where the widow is seen as closing really fast. The model code of conduct (MCC), likely to be implemented next month, is being viewed as a final cutoff date, with hectic last-minute parleys being escalated to the highest level in the Indian government across ministries including commerce, department of economic affairs and ministry of external affairs to thrash out a final consensus, a government official said.
The FTA with the UK would be the first full fledged deal with a western country that would see deeper economic integration with a major global service sector leader. However, the window to sign the deal is fast closing with elections in both the countries this year. While the general electio","https://indianexpress.com/article/business/india-uk-fta-final-push-for-deal-as-window-closing-fast-9127471/",9,"2024-01-25","business"
"Govt close to saturation in implementing social sector schemes: Nirmala Sitharaman. Finance Minister Nirmala Sitharaman on Thursday said the government is close to reaching saturation in implementing social sector schemes designed to provide basic necessities to the poor. Addressing the students of Hindu College on the occasion of its 125th anniversary, she said the time has come for India to become economically ‘aatmanirbhar’ (self-reliant) and march forward to become a developed nation by 2047.
Regretting that 60 years since Independence passed without any sense of urgency, Sitharaman said, “we have laid the material foundation for a Viksit Bharat” and empowering people by providing basic necessities to all.
Even earlier governments had schemes of providing houses, roads etc but the sense of urgency was missing, she said, adding, nearly 50 per cent of the population were devoid of fundamental things 50 or 60 years post independence.
ADVERTISEMENT
“So that’s the underlying principle w","https://indianexpress.com/article/business/economy/nirmala-sitharaman-hindu-college-govt-close-to-saturation-social-sector-schemes-dbt-9127304/",10,"2024-01-25","business"
"Azim Premji gifts one crore Wipro shares to his sons. Wipro founder Azim Premji has transferred 1.02 crore equity shares of Wipro held by him to his two sons Rishad Premji and Tariq Premji as ‘gift’, according to an exchange filing.
The Wipro scrip is currently valued at Rs 472.9 per share, and at roughly this value, the transferred shares will amount to a whopping Rs 483 crore. Tech magnate Azim Premji’s son Rishad Premji currently helms Wipro as its Executive Chairman, and is a prominent face of the IT industry.
“I, Azim H Premji, wish to intimate you that 1,02,30,180 equity shares of Wipro Limited held by me, amounting to 0.20 per cent of the share capital of the company were transferred to Rishad Azim Premji and Tariq Azim Premji in the form of gift,” Wipro filing on Wednesday said.
ADVERTISEMENT
The transaction, however, would not alter the overall promoter and promoter group shareholding in the company and it will remain the same even after the proposed transaction.
In another fi","https://indianexpress.com/article/business/companies/wipro-azim-premji-gifts-one-crore-equity-shares-rishad-premji-tariq-premji-9127018/",11,"2024-01-25","business"
"Luxurious Living Redefined: Mеrlin Group announces the launch of Mеrlin Vеntana in Banеr, Punе. Following the resounding success of its luxurious projects such as Merlin Elementa 2.0 near Wakad and 18 East at Koregaon Park Annexe. in Pune, Merlin Group, a name synonymous with еxcеllеncе in thе rеal еstatе industry for ovеr four decades, proudly announces thе launch of its latest luxury living venture- Mеrlin Vеntana featuring 3 & 4 BHK Luxury Residences at Baner.
Nestled in the heart of thе vibrant Banеr neighbourhood in Punе, Mеrlin Vеntana’s prime location ensures seamless connectivity and accessibility to hospitals, educational institutes, major employment hubs, malls, and entertainment hubs. The well-connected locale not only facilitates an effortless commute for its residents but also enhances the overall quality of life. Merlin Ventana is an ideal residential choice for those seeking a harmonious blend of accessibility and comfort in the vibrant city of Pune.
“At Mеrlin Group, wе","https://indianexpress.com/article/business/sponsored-business/luxurious-living-redefined-m%d0%b5rlin-group-announces-the-launch-of-m%d0%b5rlin-v%d0%b5ntana-in-ban%d0%b5r-pun%d0%b5-9127001/",12,"2024-01-25","business"
"Hyundai Motor’s Q4 net profit rises 31%, misses forecasts. South Korea’s Hyundai Motor Co on Thursday reported a 31% rise in fourth-quarter profit that missed analyst expectations due to unfavourable exchange rates as well as one-off costs related to the sale of its Russia plant in December.
Hyundai Motor, the world’s No.3 automaker by sales with its affiliate Kia Corp, reported a net profit of 2.2 trillion won ($1.65 billion) for the October-December period versus a profit of 1.7 trillion won a year earlier.
That compared with a 2.9 trillion won average forecast by LSEG SmartEstimate, which is weighted towards estimates from analysts who are more consistently accurate.
ADVERTISEMENT
In December, Hyundai Motor said it would take a 287 billion won ($219.2 million) loss on selling its plant in Russia, where operations have been suspended since March 2022.
Hyundai is targeting revenue growth of 4.0%-5.0% this year. It expects a 4.9% jump in North American vehicle sales but a 3.7% drop and","https://indianexpress.com/article/business/companies/hyundai-motors-q4-net-profit-rises-31-misses-forecasts-9126971/",13,"2024-01-25","business"
"Stock Market Today: Sensex, Nifty slides in red led by banking, IT stocks. Indian benchmark indices showered weaker trends during Thursday’s session after several heavyweights reported below than expectation q3 earnings. BSE Sensex closed 359.64 points, or 0.51 per cent lower at 70,700.67 and Nifty 50 fell 101.35 points, or 0.47 per cent at 21,352.60.
During the early hours of trade, both Sensex and Nifty flickered near flatline amid mixed cues from the Asian and US markets. BSE Sensex opened at 38.21 points, or 0.05 per cent lower at 71,022.10 with NIFTY 50 opening 0.60 points, or 0.00 per cent at 21,454.60.
IT and banking sector stocks showed a weaker trend with the Nifty Bank index closing the trade 0.48 per cent lower. Equity benchmark indices were dragged lower by IT shares after Tech Mahindra reported a massive decline in net profit by 61 per cent to 510.4 crore during Q3FY24. Shares of Tech Mahindra tanked 85.15 points, or 6.05 per cent to 1,332.80.
ADVERTISEMENT
Realty and powe","https://indianexpress.com/article/business/market/stock-market-today-sensex-nifty-asian-market-oil-prices-9126833/",14,"2024-01-25","business"
"ZEEL moves NCLT against Sony merger termination move. Two days after Japan’s Sony Corporation called off the merger plan, Zee Entertainment Enterprises Ltd (ZEEL) on Wednesday said it has approached the National Company Law Tribunal, Mumbai bench, seeking directions to implement the merger scheme.
In a stock exchange filing, the company said it has initiated appropriate legal action to contest Culver Max and BEPL’s claims in the arbitration proceedings before Singapore International Arbitration Centre (SIAC).
“The company issued a reply to Culver Max and BEPL specifically denying any breach of its obligations under the MCA (merger co-operation agreement) and reiterated that the company has complied with all its obligations in good faith,” ZEEL said.
ADVERTISEMENT
“The company has denied that Culver Max and BEPL are entitled to terminate the MCA and the claim for termination fee is legally untenable and has no basis whatsoever,” it said.
ZEEL asserted that Sony arms Culver Max and BEPL ","https://indianexpress.com/article/business/companies/zeel-moves-nclt-against-sony-merger-termination-move-9126362/",15,"2024-01-25","business"
"Govt permits direct listing by Indian firms on GIFT-IFSC’s international markets. The government on Wednesday allowed direct listing of securities by public Indian companies on the international exchanges of GIFT International Financial Services Centre (GIFT-IFSC), and made the requisite provisions to provide “an overarching regulatory framework” to facilitate it. In July, Finance Minister Nirmala Sitharaman announced that the government had decided to enable direct listing of listed and unlisted companies on the IFSC exchanges. The move is expected to give Indian companies access to cheaper foreign capital, boost foreign investment, and broaden investor.
The Department of Economic Affairs of the Finance Ministry has amended Foreign Exchange Management (Non-debt Instruments) Rules, 2019, and notified the Direct Listing of Equity Shares of Companies Incorporated in India on International Exchanges Scheme. Additionally, the Ministry of Corporate Affairs (MCA) has issued Companies (Listin","https://indianexpress.com/article/business/economy/govt-permits-direct-listing-by-indian-firms-on-gift-ifscs-international-markets-9126380/",16,"2024-01-25","business"
"Sharing of investor data with SEBI: FPIs get seven months to liquidate their holdings. Foreign portfolio investors (FPIs) will get seven months to liquidate their holdings if they do not meet the Securities and Exchange Board of India’s January-end deadline to disclose data about their investors, highly-placed sources said.
In August last year, the Securities and Exchange Board of India (Sebi) had issued a circular which asked high-risk FPIs, holding more than 50 per cent of their equity AUM in a single corporate group or with an overall holding in Indian equity markets of over Rs 25,000 crore, to disclose granular details of all entities holding any ownership, economic interest, or exercising control in the FPI.
“There is no immediate deadline or cliff for FPIs to liquidate any holdings,” sources said. Sebi had earlier asked FPIs to bring down such exposure by January 29, 2024.
ADVERTISEMENT
Explained | FPI disclosure norms deadline extended: Why is SEBI seeking investor data?
If FPIs","https://indianexpress.com/article/business/sharing-of-investor-data-with-sebi-fpis-get-seven-months-to-liquidate-their-holdings-9126379/",17,"2024-01-25","business"
"Sankey Prasad is Colliers CMD for India, Middle East. Investment management firm Colliers on Wednesday announced that Sankey Prasad will expand his leadership role to include project leaders in the Middle East.
Effective immediately, Sankey Prasad becomes Chairman and MD (CMD) for India and CMD for the Middle East Engineering business which is under the name of Colliers Project Leaders Middle East.
“He will also take a significant stake in Colliers’ rapidly growing project management business in the Middle East, supporting the region’s flourishing real estate market in collaboration with Colliers’ existing real estate services business in the Middle East and North Africa (MENA) region,” it said.","https://indianexpress.com/article/business/companies/sankey-prasad-is-colliers-cmd-for-india-middle-east-9126398/",18,"2024-01-25","business"
"Competition Commission of India okays Burmans’ Religare offer. The Competition Commission of India has given its approval for the acquisition of a 5.27 per cent stake in Religare Enterprises Ltd and a subsequent open offer to buy up to another 26 per cent of the financial services firm by entities controlled by the Burman family.
“The acquirers are all systematically important non-deposit accepting non-banking financial companies (NBFCs) engaged primarily in the business of making investments in capital markets and providing secured and unsecured loans,” the Commission said.
The Burmans’ takeover plan is being stoutly opposed by the current management of Religare.
ADVERTISEMENT
“While giving the approval, the CCI has clearly called out precise sections under which the acquirers may face action. It is apparent the acquirers are facing proceedings under the sections noted in relation to the mis-statements, false information etc. which are punishable in nature. This also will have an impa","https://indianexpress.com/article/business/companies/competition-commission-of-india-okays-burmans-religare-offer-9126397/",19,"2024-01-25","business"
"Banking system liquidity deficit at record high of Rs 3.4 lakh crore. The liquidity in the banking system has turned deficit to a record high of Rs 3.4 lakh crore on Wednesday due to moderation in government spending, higher tax outflows and slower bank deposit growth.
Analysts expect the Reserve Bank of India (RBI) to announce permanent liquidity measures such as open market operations (OMO) purchases to ease liquidity deficit conditions in the banking system rather than variable repo rate auctions (VRR) to infuse temporary liquidity.
“The primary reason for this (liquidity deficit) is that the government is not spending much. Also, this week is when the goods and services tax (GST) outflow happens,” said a treasury head of a private sector bank.
ADVERTISEMENT
Banking system liquidity, as reflected by the amount of money injected by the RBI into the banking system, has been in deficit mode since last month after advance tax and goods and services tax (GST) payments.
On a net basis, th","https://indianexpress.com/article/business/banking-and-finance/banking-system-liquidity-deficit-at-record-high-of-rs-3-4-lakh-crore-9126361/",20,"2024-01-25","business"
"Finance Ministry to hold key meet on trade payment issues on February 5. The Finance Ministry is set to hold a high-level meeting on February 5 to ensure smooth trade payments amid challenges emanating due to disruption in the Red Sea region. Payment settlement mechanisms for the disrupted trade routes along with pending issues relating to vostro accounts are likely to be taken up in the meeting, officials said.
The meeting, which is to be chaired by Department of Financial Services (DFS) Secretary Vivek Joshi, will be attended by officials from the ministries of Finance, Commerce and Industry, External Affairs, Reserve Bank of India (RBI) and Insurance Regulatory and Development Authority of India (IRDAI).
“It is a coordination meeting planned between government departments, regulators and banks to discuss trade related payment issues. Objective is to hear from all stakeholders and find solutions for orderly trade transactions and settlement thereof,” a senior government official told","https://indianexpress.com/article/business/finance-ministry-to-hold-key-meet-on-trade-payment-issues-on-february-5-9126360/",21,"2024-01-25","business"
"Nirmala Sitharaman takes part in traditional ‘halwa’ ceremony ahead of Interim Budget 2024. Finance Minister Nirmala Sitharaman on Wednesday took part in the traditional ‘halwa’ ceremony, marking the final stage of preparation of the Interim Budget 2024
The halwa ceremony is an annual ritual in which the dessert is prepared and served to officials and staff members of the finance ministry who are involved in the preparation of the Budget. It is held every year in the basement of Delhi’s North Block, which houses the ministry. After the ceremony, the ‘lock-in’ process of Budget preparation begins, wherein the ministry officials and staff stay in the basement of North Block, cut off from the world outside in order to maintain the secrecy around the final budget document.
#WATCH | Delhi | The Halwa ceremony, marking the final stage of the Budget preparation process for Interim Union Budget 2024, was held in North Block, today, in the presence of Union Finance & Corporate Affairs Minister ","https://indianexpress.com/article/business/nirmala-sitharaman-halwa-ceremony-interim-budget-9126266/",22,"2024-01-25","business"
"Finance Ministry to hold key meet on trade payment issues on Feb 5. The Finance Ministry is set to hold a high-level meeting on February 5 to ensure smooth trade payments amid challenges emanating due to disruption in the Red Sea region. Payment settlement mechanisms for the disrupted trade routes along with pending issues relating to vostro accounts are likely to be taken up in the meeting, officials said.
The meeting, which is to be chaired by Department of Financial Services (DFS) Secretary Vivek Joshi, will be attended by officials from the ministries of Finance, Commerce and Industry, External Affairs, Reserve Bank of India (RBI) and Insurance Regulatory and Development Authority of India (IRDAI).
“It is a coordination meeting planned between government departments, regulators and banks to discuss trade related payment issues. Objective is to hear from all stakeholders and find solutions for orderly trade transactions and settlement thereof,” a senior government official told The ","https://indianexpress.com/article/business/finance-ministry-key-meet-trade-payment-issues-feb-5-9126278/",23,"2024-01-25","business"
"Zee moves NCLT against Sony for calling off merger; to contest $90 million claim before SIAC. Two days after the termination of the merger agreement by Sony Group, Zee Entertainment on Wednesday hit back by filing a petition before the National Company Law Tribunal (NCLT), seeking a direction to implement the merger scheme.
Besides, it has also initiated appropriate legal actions to contest the claims of USD 90 million (Rs 748.5 crore) filed by Sony Group before the Singapore International Arbitration Centre (SIAC), according to a regulatory update by Zee Entertainment Enterprise Ltd (ZEEL).
It asserted that Sony Group firm Culver Max and BEPL (Bangla Entertainment Pvt Ltd), which were to be merged with ZEEL, “are in default of their obligations to give effect to” and implement the scheme of merger that was sanctioned by the NCLT.
ADVERTISEMENT
“The Company approached the NCLT, Mumbai-bench, inter alia seeking directions to implement the merger scheme,” ZEEL said.
The NCLT on August 10","https://indianexpress.com/article/business/companies/zee-nclt-sony-merger-90-million-siac-9126169/",24,"2024-01-25","business"
"Q3 Results: IOC, DLF, Bajaj Auto, TVS Motor report rise in net profits. Investors will continue their focus on earning Wednesday as several heavyweight companies, including automobile majors Bajaj Auto and TVS Motor, banking majors Canara Bank and Indian Overseas Bank, real estate dealer DLF among other report their quarterly results on exchanges. Most companies managed their performance either in-line with Dalal Street’s expectations or beat analysts’ estimates.
Indian Oil Corporation Limited (IOCL)
You have exhausted your monthly limit of free stories.
Register to read more stories
Continue With:-
Google
Facebook
Email
Already have an account? Sign in","https://indianexpress.com/article/business/companies/q3-results-ioc-dlf-bajaj-auto-tvs-motor-canara-bank-9125887/",25,"2024-01-25","business"
"Online retailer eBay to slash 1,000 jobs, reduce contracts. Online retailer eBay Inc will cut about 1,000 jobs, or an estimated 9% of its full-time workforce, saying its number of employees and costs have exceeded how much the business is growing in a slowing economy. It marks the latest layoffs in the tech industry.
CEO Jamie Iannone said in a message to employees on Tuesday that the company also will reduce how many “contracts we have within our alternate workforce over the coming months”.
Those who are being laid off will be told through Zoom calls with their bosses, Iannone said, requesting that people work from home Wednesday to allow privacy for those conversations.
ADVERTISEMENT
“We need to better organise our teams for speed — allowing us to be more nimble, bring like-work together, and help us make decisions more quickly,” he said in the note, which was posted online.
“These changes are difficult, but I’m confident that by working together we will become stronger than ever,” I","https://indianexpress.com/article/business/companies/online-retailer-ebay-to-slash-jobs-reduce-contracts-us-9125966/",26,"2024-01-25","business"
"Govt allows direct listing of Indian companies on international exchanges of GIFT IFSC. The government on Wednesday permitted the direct listing of securities by Indian companies on international exchanges of GIFT IFSC to boost foreign investments.
The Department of Economic Affairs (DEA) in the Ministry of Finance has amended Foreign Exchange Management (Non-debt Instruments) Rules and notified the ‘Direct Listing of Equity Shares of Companies Incorporated in India on International Exchanges Scheme’.
Also, the Ministry of Corporate Affairs (MCA) has issued Companies (Listing of Equity Shares in Permissible Jurisdictions) Rules, 2024.
ADVERTISEMENT
On July 28 last year, Finance Minister Nirmala Sitharaman made an announcement regarding the direct listing of Indian Companies at GIFT- IFSC exchanges in the first phase.
“These, together, provide an overarching regulatory framework to enable public Indian companies to issue and list their shares in permitted international exchanges,” the f","https://indianexpress.com/article/business/market/government-allows-direct-listing-of-indian-companies-on-gift-ifsc-exchanges-9125940/",27,"2024-01-25","business"
"NCPA Mumbai set to take centre stage in the country capital with Citi NCPA Aadi Anant. After the resounding success of three concerts in Mumbai, National Centre for the Performing Arts (NCPA), Mumbai, the country’s premier art and cultural centre, will be visiting Delhi to present two coveted concerts of its annual music festival – Aadi Anant. With a history of curating high-calibre concerts with stalwarts of Indian music, the 13th edition of the Citi -NCPA Aadi Anant festival seeks to celebrate the vitality of the guru-shishya tradition and India’s rich musical traditions. It features artistes of different generations coming together to exhibit genres from classical and semi-classical, to folk and other lighter forms that collectively define the broad spectrum of music traditions in India. 
The first concert on the 27th of January will present Mame Khan with 47 folk artistes; comprising an orchestra of vocalists and instrumentalists of Manganiyar community. This evening promises to of","https://indianexpress.com/article/business/sponsored-business/ncpa-mumbai-set-to-take-centre-stage-in-the-country-capital-with-citi-ncpa-aadi-anant-9125623/",28,"2024-01-25","business"
"Why the hike in import duty for gold, silver findings and coins? Policy makers say move aimed at tackling arbitrage. In a bid to remove the loophole of a tax arbitrage between different types of gold and silver items, the Finance Ministry on Tuesday raised import duty on gold and silver findings and coins of precious metals to 15 per cent. Higher imports of gold and silver findings — which are small components such as hooks, clasps, clamps, pins, screws used to hold the whole or a part of a piece of jewellery in place — led the government to hike the import duty for them at par with gold and silver bars.
Gold and silver bars faced a 15 per cent import duty, while gold and silver findings attracted 11 per cent import duty. Owing to this duty arbitrage, it was found that there was a significant surge in imports of gold findings in the last two months, a senior government official told The Indian Express.
You have exhausted your monthly limit of free stories.
Register to read more stories","https://indianexpress.com/article/business/gold-silver-import-duty-hike-9125386/",29,"2024-01-25","business"
"DGCA slaps Rs 1.1 crore penalty on Air India over safety violations; carrier disagrees. Aviation safety regulator Directorate General of Civil Aviation (DGCA) has slapped a penalty of Rs 1.1 crore on Air India over safety violations on the carrier’s flights on a few long-range routes. Air India, on its part, does not agree with the DGCA order and is exploring options, including an appeal against the regulator’s order.
According to a DGCA statement, the action follows a “comprehensive investigation” that was initiated after an airline employee filed a voluntary safety report with the regulator, alleging safety violations on Air India flights “on certain long range terrain critical routes”. The investigation prima facie revealed non-compliance by the airline, after which a show cause notice was issued to Air India.
You have exhausted your monthly limit of free stories.
Register to read more stories
Continue With:-
Google
Facebook
Email
Already have an account? Sign in","https://indianexpress.com/article/business/aviation/dgca-slaps-rs-1-10-crore-penalty-on-air-india-for-safety-violations-9125418/",30,"2024-01-25","business"