"CUET PG 2024: Register with NTA to enable admission to PG courses, UGC tells universities. The Common University Entrance Test Postgraduate (CUET PG) registration is underway and the University Grants Commission (UGC), in a notification issued on January 25, has asked universities to register with the NTA to enable admissions to PG courses in the university.
Reiterating that the National Testing Agency (NTA) has been entrusted with the responsibility to conduct CUET PG as an entrance test for admission to central universities, the commission said that the list of participating institutions displayed on the NTA website is dynamic and will be updated to include the name of the new universities after they are registered.
“In case, you have not yet registered with NTA for enabling admissions to PG courses in your university in the year 2024, you may do so now,” the UGC said.
Read | CUET PG 2024: New test centres added at Gurugram, Srinagar
NTA will close the CUET PG 2024 application window","https://indianexpress.com/article/education/cuet-pg-2024-register-with-nta-to-enable-admission-to-pg-courses-ugc-tells-universities-9129159/",31,"2024-01-25","education"
"Oxford ends ties with TCS iON over technical glitches. Less than a year after the Oxford University signed a contract with the Tata Consultancy Services (TCS) iON to oversee the Oxford admissions test, the varsity has decided to terminate its deal with the company.
“Following the technical problems experienced by some candidates undertaking Oxford’s online admissions tests in 2023, as well as their schools, colleges and other test centres, we have undertaken a detailed review of the issues to understand better how and why these occurred and taken on board the expert and valuable feedback shared. Our Pro-Vice-Chancellor for Education, Professor Martin Williams has recently written to all test centres to communicate our decision to end our relationship with Tata Consultancy Services (TCS),” an official statement from the UK-based varsity stated.
The pro vice chancellor assured all affiliated schools and colleges that the varsity will do “utmost to streamline the process and ensure that t","https://indianexpress.com/article/education/oxford-university-admission-deal-with-tcs-terminated-after-students-face-technical-glitch-in-online-test-9129032/",32,"2024-01-25","education"
"Enrollments in Computer Engineering surge, mechanical sees a dip: AISHE Report. Student enrollments in Computer Engineering has gone up by nearly 38 per cent in the past three years as the number increased from 9.3 lakh in 2019-20 to 12 lakh in 2021-22, a recent government survey revealed.
According to the latest report of the All India Survey on Higher Education (AISHE), released by the Education Ministry Thursday night, the top five sub-streams of engineering and technology as per enrollment are Computer Engineering (CE), Electronics Engineering, Mechanical Engineering (ME), Civil Engineering and Electrical Engineering.
As per the data, among the top 5 substreams of engineering, it is only Computer Engineering (CE) and Electrical Engineering (EE) that saw an increase in enrollments (38.82 per cent and 1.44 per cent respectively).
Also read | As Centre pushes Indian languages in schools, stakeholders say ‘soon, but not now’
AISHE Report 2021-22: Students enrolled in Engineering sub-st","https://indianexpress.com/article/education/enrollments-in-computer-engineering-surge-mechanical-sees-a-dip-aishe-report-9128852/",33,"2024-01-25","education"
"NDMC plans to provide free JEE, NEET UG coaching to selected students. The New Delhi Municipal Council (NDMC) is inviting quotation bids from reputed coaching centres to provide JEE Main, JEE Advanced and NEET preparatory coaching to meritorious students of NDMC schools. The council’s plan is to impart two years of integrated coaching to students of NDMC or Navyug Schools.
Students of Class 11 will be enrolled in these coaching classes. As of now, NDMC has decided to provide coaching to 100 meritorious students. In these coaching classes, around 50 students will be enrolled for JEE Main coaching and 50 for NEET UG classes respectively each year. This implies that in the first year (2024), around 100 students of Class 12 will be enrolled for two years (2024-25 and 2025-26) integrated course. The number will increase to around 200 (100 starting in 2024-25 and 100 starting in 2025-26 and so on) for subsequent years, 2025-26 onwards.
This coaching will be provided in offline/ physical mode","https://indianexpress.com/article/education/ndmc-jee-main-advanced-2024-neet-ug-free-coaching-delhi-9128800/",34,"2024-01-25","education"
"BA courses register highest enrollment, maximum PG students in social science streams: AISHE report. Bachelor of Arts (BA) courses had the highest enrollment in the country at 1.13 crore students, followed by Bachelor of Science (BSc) courses at 49.66 lakh students, according to the government’s All India Survey for Higher Education (AISHE) 2021-22.
The survey report released by the Ministry of Education on late evening of Thursday showed that of the 1.13 crore students enrolled in Bachelor of Arts (BA), 51 per cent are women students and 49 per cent are men.
In Science discipline too, while the overall registration is 49.18 lakh students, of them women dominate with 50.8 per cent and 49.2 per cent are men. However, when it comes to commerce, men takes the lead with 52.8 per cent and women are at 47.2 per cent. A total of 44.08 lakh students enrolled in the commerce discipline. 
Read | Enrollments in Computer Engineering surge, mechanical sees a dip: AISHE Report
The gap is highest in ","https://indianexpress.com/article/education/ba-courses-registers-highest-enrollment-maximum-pg-students-in-social-science-streams-aishe-report-9128626/",35,"2024-01-25","education"
"JEE Main 2024: What to do if your barcode is missing from admit cards?. JEE Main 2024: The National Testing Agency has released the admit cards for all exam days of the Joint Entrance Examination (JEE) Main 2024 session 1, paper 1 exam. The hall tickets have been released at the official website — jeemain.nta.ac.in.
To download their admit cards, candidates will have to key in their application number, date of birth, course and security pin.
Barcode on admit cards
One thing that candidates should keep in mind while checking their admit cards is that the barcode is available on the admit card while downloading.
Read | JEE Main 2024 Exam Live Updates
If the barcode is missing from the admit cards, candidates should immediately contact NTA through phone helpline, i.e., 011-40759000, 011 69227700 or e-mail at jeemain@nta.ac.in. 
In case candidates miss checking the barcode, and it is missing, candidates will not be allowed to enter the exam hall.
Candidates should also remember that the ci","https://indianexpress.com/article/education/jee-main-2024-what-to-do-if-your-barcode-is-missing-from-admit-cards-9128711/",36,"2024-01-25","education"
"TS EAPCET, ECET, and other TSCHE exam dates out; registration soon. The Telangana State Council of Higher Education (TSCHE) on Thursday released the exam schedule for various entrance tests including TS EAMCET or the Telangana Eapcet (Engineering Agricultural and Pharmacy Common Entrance Test). Eapcet will be conducted between May 9 and May 11.
The exam for Agriculture and Pharmacy courses will be held on May 12 and May 13 respectively, TSCHE secetary, N Srinivasa Rao said in a statement.
Here is the complete schedule:
TSCHE PG Law Common Entrance Test (PGLCET):  June 6 to 8
TS ICET (Integrated Common Entrance Test): June 4 and June 5
TS ECET (Engineering) exam: May 6.
TS EdCET: May 23
TS LAWCET: June 3
TS PGLCET: June 3
TS PGECET: June 6 to June 8
TS PECET: June 10 to June 13
The registration dates for each exam is not out yet and is expected to release in February.","https://indianexpress.com/article/education/ts-eamcet-ecet-and-other-tsche-exam-dates-out-registration-soon-manabadi-9128714/",37,"2024-01-25","education"
"JEE Main 2024: NTA releases admit cards for all exam dates. JEE Main 2024: The National Testing Agency on January 26 released admit cards for all remaining exam days of the Joint Entrance Examination (JEE) Main 2024 session 1, paper 1 exam. The hall tickets have been released at the official website — jeemain.nta.ac.in.
Registered candidates can download the JEE Main admit cards 2024 by using their registration number and date of birth.
Read | JEE Main 2024 Exam Live Updates
JEE Main 2024 Admit Cards: How to download
Step 1: Visit the official website — jeemain.nta.ac.in
Step 2: Click on the JEE Main 2024 Session 1 tab given on the home page.
Step 3: On the admit card link, key in your details like application number and password.
Step 4: Submit and download the JEE Main 2024 admit card
Step 5: Take a printout of the JEE Main January 2024 exam hall ticket
JEE Main 2024 | What to do if your barcode is missing from admit cards?
The hall tickets for the January 27 exam were released in th","https://indianexpress.com/article/education/nta-jee-main-2024-admit-cards-released-jeemain-nta-ac-in-9128663/",38,"2024-01-25","education"
"‘We will facilitate visa process, French classes in schools’: Emmanuel Macron. French President Emmanuel Macron on January 26 announced that they target to welcome 30,000 Indian students in their country by 2030. Macron is on a two-day visit to India and is the chief guest at the Republic Day 2024.
“30,000 Indian students in France in 2030. It’s a very ambitious target, but I am determined to make it happen,” he announced on the social media platform ‘X’.
30,000 Indian students in France in 2030.
It’s a very ambitious target, but I am determined to make it happen.
Here’s how: pic.twitter.com/QDpOl4ujWb
— Emmanuel Macron (@EmmanuelMacron) January 26, 2024
He further said that the way to achieve this ambitious target is by launching a slew of initiatives. “French for All, French for a Better Future” to teach French in public schools. “We are developing the network of Alliances françaises, with new centers to learn French. We are creating international classes which will allow students, w","https://indianexpress.com/article/education/study-abroad/france-targets-to-welcome-30000-indian-students-by-2030-emmanuel-macron-republic-day-9128645/",39,"2024-01-25","education"
"‘With flexibility, access to maths and science courses, engineering degree can be an excellent launchpad’. — Chetan D. Pahlajani
It’s the Joint Entrance Examination (JEE) season, and so amidst the anxiety and anticipation capping years of hard work, you possibly find yourself wondering: “If I can make it to one of my preferred IITs, which BTech programme should I choose?” You look up the top choices: “Okay, Computer Science, then. But I think Mechanical or Electrical Engineering may be much broader. What about Chemical or Civil?” There’s input from friends and family, which might not all of is necessarily helpful. And then, perhaps, you love the sciences, but are ambivalent about engineering, and wonder: “Is engineering even the right choice for me? Perhaps I might be better off pursuing an Integrated MSc in the physical sciences.”
These are difficult questions with no easy answers, and so, when the time comes, one will have to make an important life decision with incomplete informatio","https://indianexpress.com/article/education/a-lesson-from-iit-a-btech-at-iit-on-the-way-to-a-career-in-mathematics-and-sciences-jee-main-2024-9122028/",40,"2024-01-25","education"
"More women enrolled in higher studies than men in 8 years: AISHE report. In the last eight years, more women have enrolled in higher education compared to men, according to the 2021-22 All India Survey on Higher Education (AISHE) released on Wednesday.
In fact, women make up 55% of the total increase in overall enrollment (91 lakh) in higher education since 2014-15.
According to the latest survey report, out of the total overall enrollment of 4.33 crore, 48% or 2.07 crore are women. Back in 2014-15, the percentage of women in the total enrollment of 3.42 crore was 46%.
Read | BA courses register highest enrollment, maximum PG students in social science streams: AISHE report
According to the report, since 2014-15, women enrolment has shown a steady increase. Women enrollment climbed by 18.7% during the course of five years, from 2.01 crore in 2020-21 and 1.74 crore in 2017-18 to 2.07 crore in 2021-22.
“The share of women enrolment is 55% of the increase in overall enrolment (91 lakh) si","https://indianexpress.com/article/education/survey-more-women-enrolled-in-higher-studies-than-men-in-8-years-9128236/",41,"2024-01-25","education"
"Haryana BSEH 12th exam 2024 time table revised, check here. BSEH timetable 2024: The Board of School Education, Haryana released the revised datasheet for Class 12 exams today. The senior secondary exams will commence on February 27 and will end on April 2, 2024. The exam will begin with Computer Science and IT & ITES papers and conclude with Military Science, Dance, Psychology and Sanskrit Vyakran.
The datesheets have been released for Regular, HOS Fresh, Re-appear, CTP, OCTP, Compartment, Additional, Improvement, and Mercy Chance.
The BSEH examination will be conducted in a single shift from 12.30 pm to 3 pm.
Meanwhile, the Class 10 or Secondary examination will start on February 27 and will end on March 26, 2024.
The practical exams for the secondary (Class 10) and senior secondary (Class 12) from February 1. The BSEH Class 10 and Class 12 practical exams for the regular students will be held till February 17 and are set to be conducted between 9 am and 2 pm.","https://indianexpress.com/article/education/haryana-bseh-12th-exam-2024-time-table-revised-check-here-9127743/",42,"2024-01-25","education"
"Jamia, CIE and IT-ITeS Sector Skills Council NASSCOM to launch free short-term courses. The Centre for Innovation and Entrepreneurship (CIE), Jamia Millia Islamia (JMI) on Thursday, January 25 announced a collaboration with IT-ITeS Sector Skills Council NASSCOM for a series of skill-based short-term courses. These courses will be provided free of charge, as per JMI.
The courses are designed to cater to a diverse range of interests, from programming and cloud computing to game development and cyber security. This initiative, as per the official statement, is in line with our shared vision of fostering innovation and entrepreneurship by providing accessible, high-quality education in emerging technologies.
The following courses are part of this initiative:
1. Programming Basics of Blockchain Engineering
2. Programming for Automation Engineering
3. Google Cloud Computing Foundations
4. Build Blockchain-Based Marketplace
5. Gaming in Blockchain: Build Your Own Memory Puzzle Game
6. Build w","https://indianexpress.com/article/education/jamia-cie-and-it-ites-sector-skills-council-nasscom-to-launch-free-short-term-courses-9127712/",43,"2024-01-25","education"
"Delhi govt-run ITIs record over 72% placement. Delhi government-run Industrial Training Institutes have recorded a 72.30 per cent placement for the year 2023-24, officials said on Wednesday.
Out of 14,800 students in 19 ITIs run by the Delhi government, 10,700 students secured placements in different companies, whereas ITI Vivek Vihar and ITI Dheerpur recorded the highest placement, they said.
Delhi Education Minister Atishi said the placement numbers of Delhi ITIs are the result of focused placement strategy of the government for these institutes.
“The Delhi government is preparing students for excellent job opportunities with world-class technical education and a splendid placement ecosystem in its ITIs. We are dedicated to nurturing a skilled and employable workforce by aligning education with industry demands,” she said.
She said that to ensure better placement opportunities and industry exposure for ITI students, the government has formed the centralised placement and industry out","https://indianexpress.com/article/education/delhi-govt-run-itis-record-over-72-placement-9127629/",44,"2024-01-25","education"
"Won’t interfere with change in timing of WBBSE Madhyamik exam: Calcutta HC. The Calcutta High Court on Thursday said it will not interfere in the West Bengal Board of Secondary Education’s decision to change the timing of the class 10 or madhyamik examination beginning February 2. The court observed that the rescheduling of the examination time from 11.45 am to 9.45 am just a couple of weeks ahead of the Madhyamik examination will impact the convenience of examinees.
The court noted that the counsels for the state and the board submitted that administrative measures for providing logistical support for the examination, in which several lakh students will appear, are complete.
Justice Biswajit Basu said any disturbance to the said situation may cause a serious impact on the examination process. He said for this reason, this court was refraining from interfering with the rescheduling.
The court directed the board and the state to ensure that students do not face any difficulties.
The cou","https://indianexpress.com/article/education/wont-interfere-with-change-in-timing-of-wbbse-madhyamik-exam-calcutta-hc-9127576/",45,"2024-01-25","education"
"OJEE 2024 registration begins at ojee.nic.in; exam from May 6. OJEE 2024: The Skill Development and Technical Education Department, Odisha today (January 25) started the registration for the Odisha Joint Entrance Examination 2024. Interested candidates can apply for OJEE 2024 at the official website — ojee.nic.in.
Candidates will have time till 11:59 pm of March 15 to apply for the entrance exam. After this, the correction window will be available from March 16 till 17. The deadline for online application fee payment is 5 pm of March 17.
You have exhausted your monthly limit of free stories.
Register to read more stories
Continue With:-
Google
Facebook
Email
Already have an account? Sign in","https://indianexpress.com/article/education/ojee-2024-registration-begins-at-ojee-nic-in-exam-from-may-6-9127510/",46,"2024-01-25","education"
"NEET UG Toppers’ Tips: ‘I followed the 8+8+8 rule during preparation’. NEET UG 2024: Tanay Jain bagged the 46th all-India rank in the National Eligibility cum Entrance Test Undergraduate (NEET UG) 2023 by scoring 710 marks out of 720. Jain is now pursuing his MBBS from AIIMS, New Delhi. 
Eighteen-year-old Jain is from Faridabad, Haryana. He appeared for the Class 10 exam in 2021 and scored an overall pass percentage of 99.6 per cent marks and in Class 12, he scored 96.8 per cent marks. He appeared for Class 10 and Class 12 exams from CBSE board schools.
You have exhausted your monthly limit of free stories.
Register to read more stories
Continue With:-
Google
Facebook
Email
Already have an account? Sign in","https://indianexpress.com/article/education/neet-ug-2024-toppers-tips-influenced-by-doctors-role-covid-motivated-by-sister-air-46-preparation-strategy-9126745/",47,"2024-01-25","education"
"ICAI CA Inter, Foundation, Final May 2024 exam, registration dates announced at icai.org. ICAI CA Inter May 24 Exam Date: The Institute of Chartered Accountants of India (ICAI) today released the exam schedule for the CA Foundation, Intermediate, Final May exam dates 2024. The exam schedule is available at the official ICAI website — icai.org.
As per the official calendar, the CA Foundation course exam will be conducted on June 20, 22, 24 and 26. The Intermediate group 1 exams will be conducted on May 3, 5 and 7, and the group 2 will be held on May 9, 11 and 13. The CA Final exam, which is the last step towards becoming a CA, will be held on May 2, 4 and 6 for group 1, and the group 2 exam will be conducted on May 8, 10 and 12.
You have exhausted your monthly limit of free stories.
Register to read more stories
Continue With:-
Google
Facebook
Email
Already have an account? Sign in","https://indianexpress.com/article/education/icai-ca-inter-foundation-final-may-2024-exam-registration-dates-icai-org-9127060/",48,"2024-01-25","education"
"UPMSP Class 12 board practical exam 2024 begins; admit card soon. UPMSP UP Board 2024: Uttar Pradesh Madhyamik Shiksha Parishad (UPMSP) on January 25 started the UP Board Class 12 practical exams 2024, and will conclude on February 9.
Meanwhile, as per the official datesheet, the Class 12 theory exams will begin from February 22 and conclude on March 9. The exams will be held in two shifts — shift 1 will be conducted from 8:30 am to 11:45 am and shift 2 from 2 pm to 5:15 pm.
You have exhausted your monthly limit of free stories.
Register to read more stories
Continue With:-
Google
Facebook
Email
Already have an account? Sign in","https://indianexpress.com/article/education/upmsp-class-12th-board-exams-2024-practical-admit-card-9126976/",49,"2024-01-25","education"
"NTA JEE Main 2024: Paper 1 admit card released at jeemain.nta.ac.in; check exam analysis for Jan 24 exam. NTA JEE Main 2024: The National Testing Agency (NTA) has released the Joint Entrance Examination (JEE) Main 2024 session 1, paper 1 (BTech and BE papers) admit cards. The hall tickets have been released at the official website — jeemain.nta.ac.in.
Registered candidates can download the JEE Main admit cards 2024 by using their registration number and date of birth.
You have exhausted your monthly limit of free stories.
Register to read more stories
Continue With:-
Google
Facebook
Email
Already have an account? Sign in","https://indianexpress.com/article/education/nta-jee-main-2024-paper-1-admit-card-released-jeemain-nta-ac-in-exam-analysis-barch-answer-key-9126834/",50,"2024-01-25","education"
"JEE Main 2024: ‘Stay calm, revise your notes’ – how toppers spent last day before the exam?. JEE Main 2024: Paper 1 exam for BE and BTech exams of the first session of the Joint Entrance Examination Main (JEE Main) will begin on January 27. As per the official calendar, the JEE Main paper 1 exam will be held on January 27, 29, 30, 31 and February 1. 
The JEE Main 2024 exam will be held for multiple choice questions (MCQs) and numerical questions. The BE, BTech paper of JEE Main 2024 will have three sections — mathematics, physics and chemistry and will comprise of 90 questions.
You have exhausted your monthly limit of free stories.
Register to read more stories
Continue With:-
Google
Facebook
Email
Already have an account? Sign in","https://indianexpress.com/article/education/jee-main-2024-nta-paper-1-btech-last-minute-toppers-tips-checklist-9126634/",51,"2024-01-25","education"
"CUET PG 2024 Registration: NTA extends application deadline till January 31; apply at pgcuet.samarth.ac.in. CUET PG 2024 Registration Last Date: The National Testing Agency (NTA) has extended the registration link for the Common University Entrance Test Postgraduate (CUET PG 2024). As per the official notification, candidates can now apply till January 31, 2024.
To register, interested candidates can apply at the official CUET PG website — pgcuet.samarth.ac.in.","https://indianexpress.com/article/education/cuet-pg-2024-nta-extends-registration-jan-31-pgcuet-samarth-ac-in-9126706/",52,"2024-01-25","education"
"IIT Bombay, Smile Foundation collaborate to encourage STEM learning among school children. The Indian Institute of Technology, Bombay on Wednesday said it has joined hands with Smile Foundation to encourage STEM (Science, Technology, Engineering, and Mathematics) learning among young children.
Under this collaboration, 960 children have benefitted in diverse areas, including 3-D printing, aero-modelling, energy (solar lamp making), robotics and astronomy among others, according to a statement.
“These programmes will impact the impressionable minds of our youth. The IIT-B students along with Smile Foundation are making a strong social impact, influencing the nextGen,” IIT Bombay Electrical Engineering Department’s Rajesh Zele said.","https://indianexpress.com/article/education/iit-bombay-smile-foundation-join-hands-to-encourage-stem-learning-among-school-children-9125991/",53,"2024-01-25","education"
"Life in a Foreign University | ‘Learning new culture, professionalism,’ says Sydney University student. — Madhumitha Ramesh
I recently graduated from the University of Sydney with a Master of Architecture. I moved to Australia to pursue my degree after gaining four years of professional experience in Bengaluru, following my bachelor’s degree from Anna University, Chennai. The course initially started online due to the Covid-19 restrictions. Although online classes posed some challenges, the programme significantly improved once I had the opportunity to study on campus.
You have exhausted your monthly limit of free stories.
Register to read more stories
Continue With:-
Google
Facebook
Email
Already have an account? Sign in","https://indianexpress.com/article/education/study-abroad/learning-new-culture-professionalism-says-sydney-university-student-9120485/",54,"2024-01-25","education"
"MPSOS Ruk Jana Nahi results declared for Class 10th, 12th December 2023 exams. The Madhya Pradesh State Open School (MPSOS) board has announced the Class 10 and Class 12 results for the Ruk Jana Nahi December 2023 exams. The mpsos.nic.in is the official link to check and download the MPSOS December 2023 result.
The Class 10 MPSOS exams were held between December 15 and 28, the MP board open school Class 12 exams started on December 13 and concluded on December 30.
MPSOS Ruk Jana Nahi 2023 Result: How to check
Go to the official portal of MPSOS – mpsos.nic.in
Click on the designated link “RJN” Class 10th and 12th Result Dec. 2023″
Enter the roll number on the next window
Submit and download the MPSOS results 2023
Read | MP Board Class 10th, 12th exams 2024 to begin from February
MPSOS 2023 result scorecard has details on student’s name, roll number, subject-wise marks obtained in the December 2023 exams and qualifying status. MPSOS exams under the Ruk Jana Nahi scheme is conducted twice","https://indianexpress.com/article/education/madhya-pradesh-mpsos-2023-ruk-jana-nahi-results-declared-for-class-10-12-december-2023-exams-mpsos-nic-in-9125434/",55,"2024-01-25","education"
"BITS Pilani alumnus pledges $1 million to endowment fund. BITS Pilani alumnus Pratul Shroff has pledged 1 million dollars to the endowment fund. Shroff is from the 1971 batch and is the former founder and CEO of Einfochips. An additional 4.5 crore will be contributed for five years towards establishing ten 100 per cent fellowships to support research at BITS Pilani and ten 100 per cent scholarships for meritorious students from economically disadvantaged households.
Shroff through his KR Shroff foundation, established in the fond memory of his father brings to life his vision and belief that “societal change begins from the ground up.” He created KRSF as a medium to make a difference in the society.
The first initiative was to impart quality education to children of rural marginalised communities and to sensitize people on the importance of educating their children, a BITS Pilani statement said.
Read | BITS Pilani launches School of Interdisciplinary Research & Entrepreneurship
While e","https://indianexpress.com/article/education/bits-pilani-alumnus-pledges-1-million-to-endowment-fund-9125183/",56,"2024-01-25","education"
"National Girl Child Day 2024: Check scholarships, fellowships for students. The National Girl Child Day is celebrated on January 24. The National Girl Child Day is observed to mark the anniversary of ‘Beti Bachao, Beti Padhao Scheme’ (save the girl child, educate the girl child) first launched by Prime Minister Narendra Modi on January 22, 2015.
There are many government departments and private organisations that offer scholarship and fellowship opportunities to female students in the country. Here is a list of government scholarships for women and girl students:
You have exhausted your monthly limit of free stories.
Register to read more stories
Continue With:-
Google
Facebook
Email
Already have an account? Sign in","https://indianexpress.com/article/education/national-girl-child-day-2024-scholarships-fellowships-for-girl-students-9125323/",57,"2024-01-25","education"
"SRCC registers increase in placement, highest package at Rs 35 lakh. Amid the global slowdown and layoffs reports, Delhi University’s SRCC has reported an impressive placement season (2023-24) for phase I. As per Shri Ram College of Commerce (SRCC), a total of number of 169 offers were made by 44 recruiters. The highest package offered is Rs 35 lakh per annum (LPA) while the average package is Rs 12.73 LPA.
As far as the internships are concerned, SRCC students got an average of Rs 88.12K per month offer, however, the highest stipend is at Rs 3.67 lakh per month. Over 15 sectors including Consulting, Finance, Marketing, Accounting, Audit and Assurance, Startups, Actuaries, etc have participated in the placement, as per SRCC. Some notable recruiters include McKinsey & Co, Boston Consulting Group, Bank of America,
Deutsche Bank, Nomura, Kearney, L.E.K. Consulting, AB InBev, Accenture Strategy.
You have exhausted your monthly limit of free stories.
Register to read more stories
Continue W","https://indianexpress.com/article/education/srcc-registers-increase-in-placement-highest-package-at-rs-35-lakh-9125151/",58,"2024-01-25","education"
"Chandigarh, Haryana schools closed amid cold; state-wise updates. All schools in Haryana for Class 1 to 5 in the state will remain closed till January 27, the Haryana government announced on Tuesday, January 23. The decision to close all government and private schools up to Class 5 has been taken after considering the intense cold weather conditions. But, the teaching and non-teaching staff will have to attend school as usual.
State education minister Kanwar Pal Gujjar said the decision has been taken keeping in view the unusually cold weather. Schools opened in Haryana on Tuesday after a 22-day holiday. However due to the intense cold wave, the government announced an extension of school holidays. 
You have exhausted your monthly limit of free stories.
Register to read more stories
Continue With:-
Google
Facebook
Email
Already have an account? Sign in","https://indianexpress.com/article/education/chandigarh-haryana-schools-closed-amid-cold-state-wise-updates-9125098/",59,"2024-01-25","education"
"Indian students need to work on soft skills, experts opine. Over 13,24,954 Indian students head to study abroad and secure admissions at some of the top universities in the world. While Indian students are welcomed everywhere and are usually hailed as the leaders in technical skills, what they lack, as per experts, is soft skills.
Time and again, in several interviews with experts, indianexpress.com has observed that experts request Indian students to work on their soft skills when they head abroad to pursue higher education. Some experts share their opinion on the same:
You have exhausted your monthly limit of free stories.
Register to read more stories
Continue With:-
Google
Facebook
Email
Already have an account? Sign in","https://indianexpress.com/article/education/study-abroad/international-education-day-2024-indian-students-need-to-work-on-soft-skills-say-experts-9123377/",60,"2024-01-25","education"