"Bhumi Pednekar plays an investigative journalist in Netflix’s Bhakshak, film to premiere on this date. Actor Bhumi Pednekar is all set to take over the screen with her impactful performance once again. The Bheed actor will soon be seen headlining Netflix’s investigative drama Bhakshak. The film, backed by Shah Rukh Khan and Gauri Khan’s Red Chillies Entertainment, is scheduled to premiere on the OTT platform on February 9.
Bhumi took to social media on Thursday to share the film’s teaser. Taking to Instagram, she wrote, “The story of one journalist who would stop at nothing to uncover the truth. #Bhakshak inspired by true events coming on 9th February, only on Netflix.”
  View this post on Instagram
  A post shared by Netflix India (@netflix_in)
Netflix, in a press release, shared that the film is inspired by true events. In the teaser, we see Bhumi as Vaishali Singh, a fierce investigative journalist, on the quest to bring to light a heinous crime, laying bare the ground reality of cr","https://indianexpress.com/article/entertainment/bollywood/bhumi-pednekar-plays-an-investigative-journalist-in-netflixs-bhakshak-film-to-premiere-on-this-date-9115188/",61,"2024-01-25","entertainment"
"Karan Johar channels his inner Rajinikanth in new advertisement: ‘The actor within me is so impressed’. Karan Johar reunited with his Lust Stories star Kiara Advani in a new series of advertisements for an eyewear brand. After one commercial in which Kiara play-acted as Karan, going around asking people if they’re dating, a new spot shows Karan channeling his inner Rajinikanth. In the ad, Karan and Kiara are both dressed like a quintessential Rajinikanth character, wearing shirts, vests, and aviator sunglasses.
Karan seems to be having the time of his life delivering the broad performance. One of the most recognisable filmmakers of the country, Karan made a full-fledged acting debut with Anurag Kashyap’s ill-fated 2015 gangster drama Bombay Velvet. He has since joked multiple times about how the movie’s critical and commercial failure killed his acting ambitions. In the new ad, Karan adopts ‘the south Indian superstar look’, and immediately transforms into a dialogue-delivering, scener","https://indianexpress.com/article/entertainment/bollywood/karan-johar-channels-his-inner-rajinikanth-in-new-advertisement-the-actor-within-me-is-so-impressed-9115199/",62,"2024-01-25","entertainment"
"‘Shah Rukh Khan is irreplaceable, actors will come and go’: Karan Johar says era of superstars will end with SRK, Salman. Filmmaker Karan Johar declared the the concept of superstardom will cease to exist in the generations that have followed that of the three Khans – Shah Rukh Khan, Salman Khan and Aamir Khan. He said in an interview that he is biased towards his old friend Shah Rukh, as he described his ‘irreplaceable’ personality. Shah Rukh delivered the three biggest hits of his career in the same calendar year in 2023, reclaiming his position as the country’s biggest star.
Karan has often spoken about the kind of allure that movie stars used to have, and told Forbes that he finds this quality lacking in the actors that have followed. He said, “There is no concept, according to me, of superstardom post the era of Shah Rukh Khan and Salman Khan. I feel now there’ll be the age of the actors.”
Also read – After Dharma creative head’s criticism of Vidhu Vinod Chopra, Karan Johar praise","https://indianexpress.com/article/entertainment/bollywood/shah-rukh-khan-is-irreplaceable-actors-will-come-and-go-karan-johar-says-era-of-superstars-will-end-with-srk-salman-khan-9115125/",63,"2024-01-25","entertainment"
"Years after break-up with Divya Agarwal, Varun Sood says ‘moving on’ is difficult, admits he is ‘naive’: ‘I believe people easily..’. Ever since Divya Agarwal and Varun Sood parted ways, Divya has been vocal in several interviews, sharing her side of the story. On the other hand, Varun has kept a low profile and hasn’t spoken much on the matter. Currently gearing up for his OTT release Karmma Calling with Raveena Tandon, Varun was questioned about how he handles moving on from situations in life and whether it’s easy for him.
In an interview with Siddharth Kanna, Varun was asked about moving on. He said, “I think moving on is a bit difficult. But I can forgive thinking that what happened might have been destined. You can’t feel bad about ‘Oh, this happened to me.’ If something bad has happened to you, then leave it to fate and karma.”
He continued, “I think I am naive but I am not street smart is not right, because I am. Being an outsider, I have figured out things on my own. But yes, ","https://indianexpress.com/article/entertainment/television/years-after-break-up-with-divya-agarwal-varun-sood-says-moving-on-is-difficult-admits-he-is-naive-i-believe-people-easily-9115105/",64,"2024-01-25","entertainment"
"Guntur Kaaram box office collection Day 6: Mahesh Babu’s masala fare crosses Rs 150 crore-mark worldwide. On Tuesday (Day 5), Mahesh Babu’s latest release Guntur Kaaram crossed the Rs 150 crore mark worldwide, and on Day 6, it breached the Rs 100-crore mark on home ground. According to Sacnilk, the film has earned Rs 100.95 crore from Indian box offices. However, with the Sankranti holiday season coming to a close, footfalls have dropped by more than 30 percent. On Day 5, the box office collection of the film was around Rs 11 crore, which has come down to Rs 6 crore on Day 6. The slide is expected to continue till the weekend.
ALSO READ | Guntur Kaaram movie review: Mahesh Babu tries hard, but Trivikram prevents us from screaming ‘Jai Babu’
The film is also facing tough competition from HanuMan, starring Teja Sajja, which on Day 6 has earned around Rs 80 crore, a huge number given the relatively new star cast.
Guntur Kaaram marks the third collaboration of Mahesh Babu and director Triv","https://indianexpress.com/article/entertainment/telugu/guntur-kaaram-box-office-collection-day-6-mahesh-babus-masala-fare-crosses-rs-150-crore-mark-worldwide-9114997/",65,"2024-01-25","entertainment"
"After Dharma creative head’s criticism of Vidhu Vinod Chopra, Karan Johar praises 12th Fail: ‘Passed the test with flying colours’. Filmmaker Karan Johar opened up about the return to form that theatrical Hindi films experienced in 2023, and dissected the new learnings that the industry is taking a stock of as it evolves. Karan said that the sort of films that would do very well in the 1990s don’t really have an audience in theatres any more, but highlighted outliers like 12th Fail, the drama film that defied the odds to emerge as a word-of-mouth success late last year.
In an interview with Forbes, Karan was asked about how he views the business, and he said, “Theatres are overflowing with love, and the cinematic experience is back. But the digital medium is equally strong, and the digital revolution remains. This isn’t the rule, but there are some genres and sub-genres that are more celluloid friendly.”
Also read – Karan Johar breaks down economics of cinema, reveals the business mode","https://indianexpress.com/article/entertainment/bollywood/after-dharma-creative-heads-criticism-of-vidhu-vinod-chopra-karan-johar-praises-12th-fail-passed-the-test-with-flying-colours-9115072/",66,"2024-01-25","entertainment"
"Alia Bhatt gave no response when cinematographer Sudeep Chatterjee gave her instructions during Gangubai Kathiawadi: ‘Wouldn’t know if she heard me’. Alia Bhatt is known as one of the best actors of her generation and in a recent interview, cinematographer Sudeep Chatterjee spoke about his collaboration with Alia in Sanjay Leela Bhansali’s Gangubai Kathiawadi. Sudeep said that cinematographers have to form a relationship with the actors so they can get the best out of a given scene. He recalled that while shooting a scene for Gangubai Kathiawadi, he could not decipher if Alia had even heard his instructions as she did not react at all but her performance said otherwise.
He shared with Film Companion, “With Alia, when I give her an instruction… Initially, I used to say that there is no response. I wouldn’t know whether she has heard me or not. But she would do it to the point.” He then recalled a scene from the film where Seema Pahwa’s Sheela is performing with Alia’s Gangubai and is tr","https://indianexpress.com/article/entertainment/bollywood/alia-bhatt-gave-no-response-cinematographer-sudeep-chatterjee-gave-her-instructions-during-gangubai-kathiawadi-9115028/",67,"2024-01-25","entertainment"
"Orry was refused a pic with Kajol while working as an usher, Karan Johar points out ‘the great irony’: ‘You’re in a million photos with Nysa’. Orry, who has been an internet sensation for most of 2023, recently solidified his stardom as he appeared on the last episode of Koffee with Karan with Karan Johar. Orry, who is frequently photographed with Kajol and Ajay Devgn’s daughter Nysa Devgn, recalled his first encounter with Kajol when the film star refused to have a photo with him.
Orry shared that many years ago, when he was still living as a student in New York, he managed to ‘hustle’ his way into the position of an usher for an event which was being attended by Kajol. “I was usher number 3 to Kajol and she probably doesn’t know this. This was in New York at the Taj Pierre, she was speaking at it and she kept talking about how children should wash their hands. This was pre-Covid and she was giving this speech,” he said.
ALSO READ | Pankaj Tripathi says ‘itna acting nahi karna chahiye","https://indianexpress.com/article/entertainment/bollywood/orry-refused-pic-with-kajol-as-usher-karan-johar-points-out-the-great-irony-in-a-million-photos-daughter-nysa-9114904/",68,"2024-01-25","entertainment"
"Will Shah Rukh, Salman Khan and Aamir Khan join Rohit Shetty’s cop universe? ‘All three… koi nahi bachega’. Director Rohit Shetty is now gearing up to take his cop-verse a notch higher with the Indian Police Force. The OTT show that streams on Amazon Prime Video from Friday will introduce some new cops joining the universe created by Shetty — Sidharth Malhotra, Shilpa Shetty and Vivek Oberoi. Well, what started with Singham in 2011 is only getting bigger and better every year, with Rohit adding many more stars to his cop-verse. Recently at an event, the director even shared how he has bigger plans for his cop universe, and when he was asked if any of the three Khans – Shah Rukh Khan, Salman Khan, and Aamir Khan would join it, Rohit had quite a witty answer to give.
Also Read: Rohit Shetty defends Cop Universe against criticism of glorifying police brutality, encounter killings: ‘It’s important to instill fear in the society’
Watch the trailer of Indian Police Force here:
At an event fr","https://indianexpress.com/article/entertainment/bollywood/will-shah-rukh-salman-khan-and-aamir-khan-join-rohit-shettys-cop-universe-all-three-9114925/",69,"2024-01-25","entertainment"
"Anand Mahindra reviews 12th Fail, says Vikrant Massey deserves National Award: ‘Special effects no match for simplicity of story well told’. Actor Vikrant Massey is being hyped for National Awards, that too by Anand Mahindra. The businessman and the chairman of Mahindra Group has called filmmaker Vidhu Vinod Chopra’s 12th Fail a great watch and showered praise on Vikrant for his poignant performance.
In the film, Vikrant plays the role of Manoj Kumar Sharma, who overcame extreme poverty to become an Indian Police Service officer. His performance–and also the film–has been widely praised by the audience, including industry colleagues such as Alia Bhatt and Deepika Padukone.
Indian Express Entertainment is now on WhatsApp Channels. Follow us for the latest news, interviews, reviews, photos and more
ADVERTISEMENT
Anand Mahindra wasn’t behind, as he took to X and penned a long note for the film, talking about it in detail and calling for the National Awards for Vikrant Massey.
“Finally saw","https://indianexpress.com/article/entertainment/bollywood/anand-mahindra-reviews-12th-fail-says-vikrant-massey-deserves-national-award-special-effects-no-match-for-simplicity-of-story-well-told-9114993/",70,"2024-01-25","entertainment"
"Samantha Ruth Prabhu says her ex-partner constantly influenced her ‘likes and dislikes’: ‘My most significant mistake was…’. Actor Samantha Ruth Prabhu took to her Instagram handle and engaged with her fans by answering a few questions. The Family Man actor opened up about ‘personal growth’ and discussed the most ‘significant mistake’ of her life. Samantha admitted that her choices were influenced by her ex-partner, and she struggled to figure out her true likes and dislikes. The actor was previously married to Naga Chaitanya.
Samantha penned a long and thoughtful reply to the question which read, “If personal growth had a highlight reel, what would be the ‘blooper’ you laugh about now, and what’s the ‘Oscar-worthy’ moment where you nailed a major life lesson?”
She replied, “Perhaps the most significant mistake was my failure to understand my own likes and dislikes, as they were constantly influenced by the partner I had during that period. On the other hand, my moment of immense perso","https://indianexpress.com/article/entertainment/telugu/samantha-ruth-prabhu-says-ex-partner-constantly-influenced-her-likes-and-dislikes-the-most-significant-mistake-9114960/",71,"2024-01-25","entertainment"
"Orry blames Boney Kapoor for his fame, reveals he’s hired three doppelgangers to fill in for him: ‘You’ll think it’s me, but it’s not’. Internet sensation Orry looked back on his meteoric rise to fame, and said that everybody should blame none other than film producer Boney Kapoor for it. Orry is close friends with Boney’s daughters, actors Khushi and Janhvi Kapoor, whom he described as his sister and guru, respectively. Appearing on the season eight finale of Koffee with Karan, Orry opened up about his fame, and how he plans on circumventing any loss of relevance.
He said that he is able to be ‘omnipresent’ because he actually has three doppelgangers that he deploys to hold the fort at events until he arrives himself. He said, “I am everywhere, and I take great pride in being Orry the omnipresent. But sometimes, people forget that I’m not actually a mystical creature, and I can’t actually be everywhere. So, we do have the lookalikes that have to be sent out to hold the fort until I ar","https://indianexpress.com/article/entertainment/bollywood/orry-blames-boney-kapoor-for-his-fame-reveals-hes-hired-three-doppelgangers-9114885/",72,"2024-01-25","entertainment"
"Shraddha Kapoor dances behind bride, groom at her hair stylist Nikita Menon’s wedding, fans love her sneakers-lehenga look. Watch. Real and relatable — these are the two words Shraddha Kapoor’s fans love to use for her and her appearance at her hair stylist Nikita Menon’s wedding events has again proved them right. Shraddha was a part of her hair stylist Nikita Menon’s pre-wedding function and the fan pages have got their hands on many inside photos and videos.
Shraddha was first seen getting a minimalistic mehendi applied on her palm. She also acted a perfect bridesmaid at Nikita’s celebrations. She not only danced with bride’s crew behind the bride and groom, she was full of energy when the dhol beats started to play. While celebs often make such appearances, it is often for a quick photo and fans loved to see the involvement that Shraddha had.
Indian Express Entertainment is now on WhatsApp Channels. Follow us for the latest news, interviews, reviews, photos and more.
ADVERTISEMENT
","https://indianexpress.com/article/entertainment/bollywood/shraddha-kapoor-dances-behind-bride-groom-at-her-hair-stylist-nikita-menons-wedding-fans-love-her-sneakers-lehenga-look-watch-9114938/",73,"2024-01-25","entertainment"
"Bigg Boss 17: Ankita Lokhande shames Mannara Chopra, Vicky Jain and Munawar Faruqui get into a physical fight. The Bigg Boss 17 house was in chaos last night amid the friction between Vicky Jain and Munawar Faruqui, which escalated to include other contestants including Mannara Chopra and Ankita Lokhande. The unpleasantness began with the torture task in the house this week for the nomination process. When Munawar took something that belonged to Vicky, Ankita Lokhande‘s husband lost his cool and the argument began. It was during this fight that Ankita hurled abuses at Mannara Chopra, leaving fans upset.
This incident also led to a debate on the internet, where users were seen questioning Ankita for being the ‘sanskari bahu’ on Indian television and using bad language on the show. A video that surfaced online, shows Ankita getting angry on Munawar and when Mannara jumped in to defend him, Ankita yelled an abuse at her.
You have exhausted your monthly limit of free stories.
Register to r","https://indianexpress.com/article/entertainment/television/bigg-boss-17-ankita-lokhande-abuses-mannara-chopra-vicky-jain-and-munawar-faruqui-get-into-a-physical-fight-leave-the-internet-fuming-9114840/",74,"2024-01-25","entertainment"
"Deepika Padukone wins Koffee award for her ‘brave’ episode, Varun Dhawan gets a prize for calling Karan Johar ‘ghar tode’. The eighth season of Koffee with Karan came to an end this week and in the last episode of this season, Karan hosted Sumukhi Suresh, Kusha Kapila, Danish Sait and Tanmay Bhat as he gave out the Koffee awards of the season. The guests were also the jury for the Koffee awards where they voted on some of the best moments and performances of the season. Karan casually admitted that he is Poo while giving out the ‘best moment’ award from this season to Rani Mukerji and Kajol.
The rapid fire round, that’s often seen as the most entertaining bit of the episode, was one of the award categories and the ‘Best rapid fire’ was shared by two celebrities – Saif Ali Khan and Ananya Panday. He called Ananya who was rather surprised as she did not win the rapid fire round during her episode with Sara Ali Khan. “I’d like to thank a certain ‘boy Kapur’ for that,” she said.
You have e","https://indianexpress.com/article/entertainment/bollywood/deepika-padukone-wins-koffee-award-for-her-brave-episode-varun-dhawan-gets-a-prize-for-calling-karan-johar-ghar-tode-9114868/",75,"2024-01-25","entertainment"
"HanuMan box office collection day 6: Teja Sajja-starrer gets more screens as film emerges as a big hit, eyes Rs 150 cr globally. Telugu film HanuMan is making waves at the box-office. Starring Teja Sajja and Vinay Rai, the film minted Rs 11.50 crores on Wednesday. Directed by Prasanth Varma, the movie is on its way to crossing the Rs 100 crore milestone. According to market tracker Sacnilk, the total collection in India has reached an impressive Rs 80.46 crore and the film  had an overall 64.69% Telugu occupancy on Wednesday.
HanuMan started with a decent Rs 4.15 crores at the box office. However, thanks to positive word-of-mouth, the film experienced a major surge on the second day, raking in Rs 8 crore. The excitement kept going, with Rs 12 crores on Saturday and a whopping Rs 16 crores on Sunday. Even on Monday, the movie stayed strong, bringing in another Rs 15 crores. 
You have exhausted your monthly limit of free stories.
Register to read more stories
Continue With:-
Google
Faceb","https://indianexpress.com/article/entertainment/telugu/hanuman-box-office-collection-day-6-teja-sajja-starrer-gets-more-screens-as-film-emerges-as-a-big-hit-eyes-rs-150-cr-globally-9114869/",76,"2024-01-25","entertainment"
"Orry tells confused Karan Johar that he’s planning his own demise, says he has ‘minions’ working in a ‘relevance room at the Orry office’. Internet sensation Orry appeared as a guest on the final episode of the eighth season of Koffee with Karan, where he revealed that he is fully aware of how fickle fame can be. Orry said that he is pre-empting his loss of relevance, and is currently in the process of planning own digital ‘demise’. He said that like the hero of a movie, he will rise up from the ashes in a strategic manner.
To help him plan his life, Orry said, he has a team of ‘minions’ who work in the ‘relevance room’ at the ‘Orry office’. Asked if he fears that what he’s currently experiencing might just be his ’15 minutes of fame’, Orry said that not only is he aware, he is also taking the necessary steps to combat it. “Yes, the fame is getting to my head. Yes, I have an attitude problem. I think I’m better than everyone. But I am planning my own downfall now. Anything that goes up","https://indianexpress.com/article/entertainment/bollywood/orry-tells-confused-karan-johar-that-hes-planning-his-own-demise-says-he-has-minions-working-in-a-relevance-room-at-the-orry-office-9114818/",77,"2024-01-25","entertainment"
"Priyanka Chopra, Nick Jonas attend special puja in LA for daughter Malti Marie’s 2nd birthday: ‘My miracle’. Watch. Priyanka Chopra seems to have heard our request. We wanted more photos from her and Nick Jonas’ darling daughter Malti Marie Chopra Jonas’ second birthday celebration, and she has responded with a photo dump. A day after Nick shared photos from Malti Marie’s Elmo-themed birthday party, Priyanka too took to her social media to share several clicks from her second birthday including their visit to a temple.
Priyanka and Nick had a beach celebration for Malti Marie, followed by a birthday party with friends and family. In new photos, Malti Marie is seen wearing a garland and visiting a temple in the US with Priyanka, Nick and grandmother Madhu Chopra where the family had a special puja. Priyanka may be away from India but is often seen sticking close to the culture and rituals of India.
You have exhausted your monthly limit of free stories.
Register to read more stories
Cont","https://indianexpress.com/article/entertainment/bollywood/priyanka-chopra-nick-jonas-attend-special-puja-in-la-for-daughter-malti-maries-2nd-birthday-my-miracle-watch-9114862/",78,"2024-01-25","entertainment"
"Jayaram: The actor whom Malayalam cinema betrayed many times but was saved by other film industries. A debut film (Aparan) still hailed as one of the finest mystery thrillers in Malayalam; a filmography filled with numerous blockbusters; several movies revisited by countless viewers to this day; a skilled master in handling slapstick, situational and physical comedy with impeccable timing and exceptional dialogue delivery. Yet, Jayaram stands out as one of the rare Malayalam superstars whose career took a significant downturn at one point.
Facing consecutive box office failures in the last decade, each of which was panned by both audiences and critics alike, Jayaram became one of those actors one could not bet on. From starring in around 10-15 films annually, with most enjoying success, Jayaram hit rock bottom, experiencing no releases in Malayalam in 2020, 2021 or 2023 and just one film in 2022 (Sathyan Anthikad’s Makal).
Get easy access to the content you love with Express Lite. Now ","https://indianexpress.com/article/entertainment/malayalam/jayaram-the-actor-whom-malayalam-cinema-betrayed-many-times-but-was-saved-by-other-film-industries-9106614/",79,"2024-01-25","entertainment"
"Pankaj Tripathi says ‘itna acting nahi karna chahiye’ as he cuts down work: ‘On Stree 2 set, Amar Kaushik told me I was acting like Atal Bihari Vajpayee’. Actor Pankaj Tripathi, one of the most versatile artistes of our times, is now cutting down on his work. Tripathi, who has been a fixture in almost every other mainstream Hindi release across genres and production houses, feels he has been “overeating” and now wants to streamline his projects.
Pankaj Tripathi has been on a roll with consecutive movie appearances. In the last three years, the actor has featured in 14 films– a staggering number, which Tripathi is aware need an intervention.
You have exhausted your monthly limit of free stories.
Register to read more stories
Continue With:-
Google
Facebook
Email
Already have an account? Sign in

Click for more updates and latest Bollywood news along with Entertainment updates. Also get latest news and top headlines from India and around the world at The Indian Express.","https://indianexpress.com/article/entertainment/bollywood/pankaj-tripathi-says-itna-acting-nahi-karna-chahiye-as-he-cuts-down-work-on-stree-2-set-amar-kaushik-told-me-i-was-acting-like-atal-bihari-vajpayee-9113135/",80,"2024-01-25","entertainment"
"Manoj Bajpayee says daughter Ava, wife Shabana fight with him for not spending time at home: ‘My kid says I don’t know anything about her life’. Manoj Bajpayee is not modest, but he is also not boastful when he talks about his work. The 54-year-old actor very excitedly and candidly discusses the reason why he’s taking up back to back projects and the love he’s receiving from the audience. Being one of the most talked about ‘family man‘ on OTT space, Manoj is the happiest that he’s being able to “genre hop” as an actor at a time when most are chasing trends.
In this interview with indianexpress.com Manoj opens up about wanting to make the most of the opportunities he’s being offered today. He also discusses his family life as he shares how his daughter Ava fights with him for not spending enough time at home.
You have exhausted your monthly limit of free stories.
Register to read more stories
Continue With:-
Google
Facebook
Email
Already have an account? Sign in

Click for more updates ","https://indianexpress.com/article/entertainment/bollywood/manoj-bajpayee-says-daughter-ava-wife-shabana-fight-with-him-for-not-spending-time-at-home-my-kid-says-i-dont-know-anything-about-her-life-9113414/",81,"2024-01-25","entertainment"
"Prabhas’ The Raja Saab plot line on IMDb got the film’s director Maruthi talking. Here’s what he has to say. While people were expecting Prabhas to do another mammoth project with a scope that’s as big as Salaar, the Telugu star took everyone by surprise as he announced a romantic horror-comedy with director Maruthi. Further, the poster of the film was revealed on Sankranthi, which had Prabhas in a casual look in a shirt and lungi. Since the recent update, fans have been wondering what the film is about, and the IMDb page of the movie has led to more frenzy as it features the plot line of the film.
The synopsis on the website reads, “It revolves around a couple who fall in love but are set to change destiny due to a negative energy.” This has led to a lot of speculation among fans, but the film’s director has put an end to all such talks.
You have exhausted your monthly limit of free stories.
Register to read more stories
Continue With:-
Google
Facebook
Email
Already have an account? S","https://indianexpress.com/article/entertainment/telugu/prabhas-the-raja-saab-plot-line-on-imdb-got-the-films-director-maruthi-talking-heres-what-he-has-to-say-9114226/",82,"2024-01-25","entertainment"
"At 40, the Sundance Film Festival celebrates its past and looks to the future. Anna Boden and Ryan Fleck remember the feeling of being the new kids at the Sundance Film Festival. In 2004, they’d come to Park City, Utah, armed with a short film Gowanus, Brooklyn, some homemade promotional postcards and dreams of breaking through. Their short not only won a prize that year but also enough support to make the feature version, Half Nelson, which would later earn Ryan Gosling his first Oscar nomination.
“I remember being like, oh my God, this festival has been around 20 years, it’s such an old festival,” Boden said in a recent interview with The Associated Press. “Now it’s 20 years later and we’re the old people.”
Of course, “old” is relative when it comes to a discovery festival like Sundance, where directors fresh out of film school can get a shot at a breakthrough. Remember, Kevin Smith was just 23 when he brough Clerks to Park City. Like many of their contemporaries that started at Sund","https://indianexpress.com/article/entertainment/hollywood/at-40-the-sundance-film-festival-celebrates-its-past-and-looks-to-the-future-9114216/",83,"2024-01-25","entertainment"
"Chak De India cinematographer recalls the ‘very sad’ victorious moment of the film: ‘That was the truth’. Shah Rukh Khan-starrer Chak De India is still known as one of his best performances. The film by Shimit Amin is also considered to be one of the best sports films to be made in India. Sudeep Chatterjee, the cinematographer of the movie, in a recent interview spoke about the making of the film and how it was a challenge for him to make sure that the matches don’t look like the audience is watching televised sports.
In a chat with Film Companion, Sudeep spoke about the scene after the Indian team wins the World Cup and the players rush on to the field, and and emotional Kabir Khan is standing on the edge on the field. “That moment is actually a very sad moment because all the glory and the victory belongs to the girls and he is the one in the background, very few people will even know about his contribution. For me, that was the truth of the scene,” he said.
You have exhausted your m","https://indianexpress.com/article/entertainment/bollywood/chak-de-india-cinematographer-recalls-the-very-sad-victorious-moment-of-the-film-shah-rukh-khan-9114285/",84,"2024-01-25","entertainment"
"Hanu Man actor Teja Sajja on the responsibility of a pan-Indian film: ‘We wanted it to look as grand as possible…’. Actor Teja Sajja’s mythological film Hanu Man, which is garnering positive word of mouth, is minting money at the box office after a slow start. A pan-Indian film can be a daunting responsibility for a young actor like Teja, but he decided to trust the process and his director Prasanth Varma.
In an interview with indianexpress.com, when asked if he ever felt intimidated by the responsibility of the film, Teja replied, “No, never. We have always thought about our culture, and our roots. Sitting back in Hyderabad, we have always wanted to make a Telugu film. After releasing the content, even if it’s a Telugu film, we wanted it to look as grand as possible for our audience.”
You have exhausted your monthly limit of free stories.
Register to read more stories
Continue With:-
Google
Facebook
Email
Already have an account? Sign in","https://indianexpress.com/article/entertainment/telugu/hanu-man-actor-teja-sajja-on-the-responsibility-of-a-pan-indian-film-we-wanted-it-to-look-as-grand-as-possible-9114153/",85,"2024-01-25","entertainment"
"Deven Bhojani says Shah Rukh Khan called him ‘sir’ during Dunki shoot, played garba with his wife: ‘It was so cute’. Deven Bhojani, who was recently seen in Shah Rukh Khan-starrer Dunki, opened up about his experience of working with King Khan and said that this experience brought back their memories of working together thirty years ago. In a chat with YouTuber Subhojit Ghosh, Deven said that Shah Rukh remembered him from thirty years ago and met him warmly on the set of Dunki.
“He met me so warmly now. I was a little hesitant. I was thinking so many years have passed now and he is such a huge star. We spoke about those old days,” Deven shared.
You have exhausted your monthly limit of free stories.
Register to read more stories
Continue With:-
Google
Facebook
Email
Already have an account? Sign in

Click for more updates and latest Bollywood news along with Entertainment updates. Also get latest news and top headlines from India and around the world at The Indian Express.","https://indianexpress.com/article/entertainment/bollywood/deven-bhojani-says-shah-rukh-khan-called-him-sir-during-dunki-shoot-played-garba-with-his-wife-it-was-so-cute-9114027/",86,"2024-01-25","entertainment"
"Mohanlal to Mammootty, Malayalam stars throng Suresh Gopi’s daughter Bhagya-Sreyas Mohan’s wedding reception. Malayalam superstars Mammootty and Mohanlal attended the wedding and reception of Suresh Gopi’s daughter Bhagya in Guruvayur. Bhagya and Sreyas Mohan, an entrepreneur, got married at Guruvayur Temple in Kerala on Wednesday. Prime Minister Narendra Modi also graced the wedding. Later, a grand reception ceremony saw all the top stars of Malayalam cinema in attendance.
Mammootty was at his casual best at the event letting the security personal frisk him even when they hesitated. He was spotted alongside Mohanlal at the event. Other than Mammootty and Mohanlal, the event was also attended by Jayaram, who is basking in the success of Abraham Ozler. Dileep and Khushbu Sundar were among other stars at the reception.
You have exhausted your monthly limit of free stories.
Register to read more stories
Continue With:-
Google
Facebook
Email
Already have an account? Sign in","https://indianexpress.com/article/entertainment/malayalam/mohanlal-to-mammootty-malayalam-stars-throng-suresh-gopis-daughter-bhagya-sreyas-mohans-wedding-reception-9113728/",87,"2024-01-25","entertainment"
"Neetu Kapoor manages to trick son Ranbir Kapoor in new ad, Triptii Dimri calls it ‘perfect comeback’. Watch. Days after Ranbir Kapoor managed to upstage mother Neetu Kapoor in an ad for a snack company, Neetu has made a comeback which has been described as “perfect” by Ranbir’s Animal co-star Triptii Dimri. Earlier, an ad for Lay’s had Ranbir snacking under Neetu’s nose without her getting to know about it. In the new ad, Neetu has managed to do the same.
Triptii shared the ad on her social media and wrote in the caption, “Have you also caught your friends red-handed stealing your @lays_india pack? 😅 Perfect comeback @neetu54 ji! Scorecard is now even at 1-1, is there more to come? 👀.” Lays India shared it with the caption, “When you love something, you just can’t let it go! #IseyKehteHainPyaar scorecard update RK 1- Neetu 1.”
You have exhausted your monthly limit of free stories.
Register to read more stories
Continue With:-
Google
Facebook
Email
Already have an account? Sign in

Cl","https://indianexpress.com/article/entertainment/bollywood/neetu-kapoor-tricks-son-ranbir-kapoor-in-new-ad-triptii-dimri-perfect-comeback-watch-9113766/",88,"2024-01-25","entertainment"
"Kiara Advani roasts Karan Johar in hilarious new ad, asks catty questions about dating life. Watch. Actor Kiara Advani pulled off Karan Johar’s signature ‘toodles’ in style in a recently released brand campaign. The advertisement also features Karan Johar, who is equal parts amused and exasparated by Kiara’s transformation after she wears eyeglasses similar to that of the filmmaker.
Kiara also held the famous coffee cup from Karan’s celebrity chat show Koffee With Karan as she goes around asking invasive questions, something Karan has been accused of doing in his chat show, Koffee With Karan.
You have exhausted your monthly limit of free stories.
Register to read more stories
Continue With:-
Google
Facebook
Email
Already have an account? Sign in

Click for more updates and latest Bollywood news along with Entertainment updates. Also get latest news and top headlines from India and around the world at The Indian Express.","https://indianexpress.com/article/entertainment/bollywood/kiara-advani-roasts-karan-johar-in-hilarious-new-ad-asks-catty-questions-about-dating-life-watch-9113682/",89,"2024-01-25","entertainment"
"PM Narendra Modi attends BJP member Suresh Gopi’s daughter’s wedding at Guruvayur temple: Mohanlal, Mammootty also in attendance. Prime Minister Narendra Modi, amidst his busy schedule ahead of Ram Temple inception in Ayodhya, was in Guruvayur, Kerala for the wedding of Malayalam actor and former MP Suresh Gopi’s daughter Bhagya to businessman Sreyas Mohan. Modi passed on the garland to the couple and blessed them both. He also met with other celebrities present at the wedding and gave them compliments.
ALSO READ | The anatomy of Mammootty 3.0 and how he became a formidable contender even for the younger generation
The wedding was held in Guruvayur temple, which was followed by a reception ceremony.
You have exhausted your monthly limit of free stories.
Register to read more stories
Continue With:-
Google
Facebook
Email
Already have an account? Sign in","https://indianexpress.com/article/entertainment/malayalam/pm-narendra-modi-attends-bjp-member-suresh-gopis-daughters-wedding-at-guruvayur-temple-mohanlal-mammootty-also-in-attendance-9113152/",90,"2024-01-25","entertainment"