Article_ID,Category,Annotation_Text,Suggested_Entities,Manual_Entities
1,"education","Uttarakhand UBSE Class 10th, 12th board exams 2024 datesheet out","Uttarakhand|ORG;10th|ORDINAL;12th|ORDINAL;2024|CARDINAL","Uttarakhand|LOCATION;10th|ORDINAL;12th|ORDINAL;2024|CARDINAL"
2,"education","NEET UG 2023 Results: Prabanjan J, Bora Varun Chakravarthi bag top spot; 10 girls in top 50","10|CARDINAL;50|CARDINAL","10|CARDINAL;50|CARDINAL"
3,"education","IIM Bangalore test for admission to PGPEM, PhD programmes on Nov 19, Jan 28","IIM Bangalore|ORG;PhD|WORK_OF_ART;Nov 19, Jan 28|DATE","IIM Bangalore|ORG;PhD|WORK_OF_ART;Nov 19, Jan 28|DATE"
4,"education","UP BTech 2023 Counselling: Tentative schedule released; registrations from July 24","2023|DATE;July 24|DATE","2023|DATE;July 24|DATE"
5,"sports","ICC apologises after incorrectly naming India as No.1 Test team over Australia","India|LOCATION;Australia|LOCATION","India|LOCATION;Australia|LOCATION"
6,"business","Markets, economic forecast stay up, but India Inc profit growth declines in Q1","India Inc|ORG;Q1|CARDINAL","India Inc|ORG;Q1|CARDINAL"
7,"technology","Grok will be available to X Premium Plus subscribers next week: Elon Musk","Grok|PERSON;next week|DATE;Elon Musk|PERSON","Grok|PERSON;next week|DATE;Elon Musk|PERSON"
8,"business","Power Grid Corp board okays raising up to Rs 2,250 cr via bonds to fund capex","Power Grid Corp|ORG;2,250|CARDINAL","Power Grid Corp|ORG;2,250|CARDINAL"
9,"technology","Apple working on a software fix for Watch Series 9, Ultra 2 to comply with ITC ruling: Report","Apple|ORG;Watch Series|WORK_OF_ART;ITC|ORG","Apple|ORG;Watch Series|WORK_OF_ART;ITC|ORG"
10,"education","University of Bath invites applications for MSc Football Medicine in association with FIFA","FIFA|ORG","FIFA|ORG"
11,"business","Air India plans cargo boost as freight capacity set to rise 300% in 5 years","Air India|ORG;300%|PERCENT;5 years|DATE","Air India|ORG;300%|PERCENT;5 years|DATE"
12,"sports","Messi bought Barcelona neighbours’ house because they were too noisy- Report","Messi|PERSON;Barcelona|LOCATION;Report|PRODUCT","Messi|PERSON;Barcelona|LOCATION;Report|PRODUCT"
13,"education","JEE Advanced: Last 5 years’ category wise cut-offs for Electrical Engineering at IIT Dhanbad","JEE Advanced|PERSON;Last 5 years|DATE;Electrical Engineering|ORG;IIT Dhanbad|ORG","JEE Advanced|PERSON;Last 5 years|DATE;Electrical Engineering|ORG;IIT Dhanbad|ORG"
14,"technology","Google fails to end $5 billion consumer privacy lawsuit","$5 billion|MONEY","$5 billion|MONEY"
15,"technology","NASA moves mobile launcher to launchpad for Artemis 2 crewed Moon mission tests","NASA|ORG;Artemis|ORG;Moon|PERSON","NASA|ORG;Artemis|ORG;Moon|PERSON"
16,"education","MPSOS Ruk Jana Nahi results declared for Class 10th, 12th December 2023 exams","MPSOS Ruk Jana Nahi|PERSON;Class 10th, 12th December 2023|DATE","MPSOS Ruk Jana Nahi|PERSON;Class 10th, 12th December 2023|DATE"
17,"business","Manufacturing growth rose in Q2 for 10 major sectors; likely to continue momemtum: FICCI","Q2|DATE;10|CARDINAL;FICCI|ORG","Q2|DATE;10|CARDINAL;FICCI|ORG"
18,"education","JoSAA Counselling 2023: Round 6 seat allotment list released","JoSAA Counselling 2023:|ORG","JoSAA Counselling 2023:|ORG"
19,"technology","Beginner’s guide to ad blockers: A double-edged sword for publishers & readers","Beginner|ORG","Beginner|ORG"
20,"education","UGC removes Meghalaya’s Techno Global University from list of universities","UGC|ORG;Meghalaya’s Techno Global University|ORG","UGC|ORG;Meghalaya’s Techno Global University|ORG"