"Jannik Sinner’s strong and improved baseline game helps him stun Novak Djokovic to reach Australian Open final. In a resolute, nerveless, three-hour-long display of destructive shot making and tactical mastery, Jannik Sinner, the rising 22-year-old World No.4, defeated Novak Djokovic 6-1, 6-2, 6-7 (6), 6-3 in the semifinals of the Australian Open on Friday, reaching his first Major final and becoming the first Italian man to reach the singles final in Melbourne.
Sinner outplayed and outmanoeuvred the undisputed king of Melbourne Park – and men’s tennis in general – and in doing so, not only strengthened his long-held credentials as a potential great in the making, but also achieved a feat that none of the Serb’s greatest rivals had been able to accomplish even at the peak of their careers.
Prior to Friday, 10-time champion Djokovic had never lost in the semifinal or final of the Australian Open. A perfect 20-0 record. He was 33 matches unbeaten in Melbourne, a streak that went back to ","https://indianexpress.com/article/sports/tennis/jannik-sinners-strong-and-improved-baseline-game-helps-him-stun-novak-djokovic-to-reach-australian-open-final-9129073/",91,"2024-01-25","sports"
"Allan Border opens up about Parkinson’s disease: ‘I’m not scared, but I am worried about the slow decline process’. Legendary Australia cricketer Allan Border has opened up about his fight with Parkinson’s disease and revealed why he is scared about the “slow decline process.”
“My health is good apart from having Parkinson’s my general health is pretty good,” Border said on Fox Cricket’s at tea on day two of the day-night pink ball Test match played between Australia and West Indies.
“I still play golf. I still go for walks and can do all the things I normally do. I am not running any marathons anymore, but apart from that things are pretty good.”
Border, who was also the first player in history to score 11,000 Test runs, was diagnosed with the brain disorder that causes unintended or uncontrollable movements in 2016.
“It is a neurological disorder where the brain stops developing a thing called dopamine, which affects muscles and your nervous system,” he explained.
Having made his nat","https://indianexpress.com/article/sports/cricket/allan-border-opens-up-about-parkinsons-disease-im-not-scared-but-i-am-worried-about-the-slow-decline-process-9128901/",92,"2024-01-25","sports"
"Australian Open 2024: Jannik Sinner stops Novak Djokovic’s bid to win 11th Australian Open and 25th Grand Slam. Jannik Sinner has stunned Novak Djokovic to reach the Australian Open men’s final, his first Grand Slam final and also ended the 10-time champion’s career unbeaten streak in semifinals at Melbourne Park.
Sinner defeated Djokovic 6-1, 6-2, 6-7, 6-3 in the semfinals of the Australian Open.
“It’s always nice to have this kind of player who you can learn from,” Sinner said in his on-court TV interview.
“I lost last year in the semifinals in Wimbledon and I learned a lot from that. The confidence from the end of last year has for sure kept the belief that I can play the best players in the world.”
Scintillating Sinner 🇮🇹🔥
He achieves the impossible defeating 10x #AusOpen champion Djokovic 6-1 6-2 6-7(6) 6-3.@janniksin • #AO2024 • @wwos • @espn • @eurosport • @wowowtennis@Kia_Worldwide • #Kia • #MakeYourMove pic.twitter.com/X6qFAtegq7
— #AusOpen (@AustralianOpen) January 26, 202","https://indianexpress.com/article/sports/tennis/australian-open-2024-jannik-sinner-stuns-novak-djokovic-to-book-a-spot-in-his-first-grand-slam-final-9128789/",93,"2024-01-25","sports"
"‘It looked like a dead lbw’: Ben Duckett on Shubman Gill surviving a close call. England opener Ben Duckett says Shubman Gill surviving a close call looked like a “dead lbw” and still believes that if they can take wickets in cluster to put India on the back foot.
“It feels like a tricky pitch to start on,” he told reporters.
“Shubman (Gill) there, we could have had him. It looked like a dead lbw (when he was struck on the pad by Tom Hartley) and somehow, it’s bouncing over the stumps. It’s one of those things.
“We’ll stick to our mantra and that’s taking wickets and looking to be positive. Hopefully, that will happen for us as well.”
India will resume from 119 for 1 on Day 2 and Yashasvi Jaiswal’s attacking gameplan has taken England by surprise but with pitch deteriorating quickly, England are still in the match.
“You have to pay credit to them… they played really well and were very attacking, which is positive,” he said.
“They don’t always go about it like that, so to go about it th","https://indianexpress.com/article/sports/cricket/it-looked-like-a-dead-lbw-ben-duckett-on-shubman-gill-surviving-a-close-call-9128455/",94,"2024-01-25","sports"
"In crunch time, Kiran George produces an aggressive finish to beat China’s World No.19 Lu Guang Zu. Since the start of 2023, Kiran George had played out 14 tight finishes of 21-19, 22-20 or 23-21 score lines on the world tour, and won only 8 of those. One of India’s finest bludgeons from the back court, would fall back frustratingly in the endgame as his impressive strokeplay was rendered a footnote in losses.
On Thursday, Kiran, the world No.36, literally went ballistic in finishing in the Round of 16 at Indonesia Masters, winning 21-11, 13-21, 21-18 against China’s World No.19 Lu Guang Zu.
As he had missed out on opportunities to go deeper into draws, his coaches at the Prakash Padukone academy in Bangalore – Vimal Kumar, Sagar Chopda and DK Sen, had been drilling into him the importance of a strong, aggressive finish.
Kiran’s father George Thomas, had heard it all too often, how his son wasn’t pushing the pedal when required. It was a hard watch because George, the 1991 Indian natio","https://indianexpress.com/article/sports/badminton/kiran-george-produces-aggressive-finish-to-beat-chinas-lu-guang-zu-9128103/",95,"2024-01-25","sports"
"Sarfaraz and Musheer: Two brothers, 7,625km apart, one scored a century for India A, the other for India colts in U-19 World Cup. Naushad Khan was flooded with congratulatory messages and calls the moment he switched on his phone after landing in Mumbai. His elder son, Sarfaraz, playing for India A, had scored a first-class century against England Lions in Ahmedabad, while 7,625km away at Bloemfontein, his younger one Musheer had scored a match-winning ton in India’s 201-run win over Ireland in the U-19 World Cup.
“There are 800 unseen messages on my WhatsApp. All of them are about Sarfaraz and Musheer. I will go home and reply to each one of them,” Naushad tells The Indian Express from Mumbai.
On Wednesday, Naushad was in Hyderabad for BCCI’s annual function to collect the Madhav Rao Scindia award for the highest run-getter in Ranji Trophy. Sarfaraz was the tournament’s leading scorer with 982 runs. He has dominated India’s domestic circuit for the past three years but is still knocki","https://indianexpress.com/article/sports/cricket/sarfaraz-musheer-khan-u19-world-cup-2024-india-a-9128041/",96,"2024-01-25","sports"
"Australian Open: Jannik Sinner can match Novak Djokovic in his game, but can he emulate the Serb’s appetite for the big stage?. For Novak Djokovic, hunting a record-extending 25th Grand Slam title, the biggest threat in the main draw of the Australian Open may not have been a rematch of his epic five-set Wimbledon final defeat to 20-year-old Spanish phenomenon Carlos Alcaraz. The highly-anticipated potential semifinal between Djokovic, the greatest tennis player on the big stage, and Jannik Sinner, the 22-year-old World No. 4 from Italy on an unparalleled hot streak, is now a reality, as well as a small headache for the World No. 1.
Friday’s semifinal has the potential to be a seminal moment in Sinner’s career. Not only is he in red-hot form – he has won 18 of his last 19 matches and clinched two ATP titles and the Davis Cup since October – but he has also defeated Djokovic twice in three meetings over 12 days at the back end of last year.
Sinner beat Djokovic in a three-set epic in th","https://indianexpress.com/article/sports/tennis/australian-open-jannick-sinner-can-match-novak-djokovic-in-his-game-9127904/",97,"2024-01-25","sports"
"IND vs ENG: How India’s batsmen capitalised on England’s callow bowling group. At the end of Day One, of a series that promises plenty of thrills and twists, Yashasvi Jaiswal, with an unbeaten 76 off 70 deliveries, has opened up a glaring hole in England’s set-up that has the potential to bury them down. Their inexperience.
Two of their three spinners with a combined experience of just one Test before this are not showing sufficient signs of complimenting Jack Leach, whose control alone may not be enough for them to get the job done, particularly on a pitch that is on the slower side. How much their decision to go without a second seamer could cost them only time will tell, but India have, so far, made full use of it.
Having restricted England to 246 on what is probably the most batting friendly surface in recent times (barring the one in Ahmedabad against Australia, which played out a draw), India’s response seems to suggest they want to bat just once and big. With 119/1 on board, and","https://indianexpress.com/article/sports/cricket/ind-vs-eng-1st-test-india-batsmen-yashasvi-jaiswal-rohit-sharma-shubman-gill-9127865/",98,"2024-01-25","sports"
"Shakib Al Hasan diagnosed with retinal condition in left eye, will continue to play cricket. Bangladesh allrounder Shakib Al Hasan, who last year captained the national team in the 50-over World Cup, has been diagnosed with a retinal condition in his left eye, according to an ICC release which attributed the Bangladesh Cricket Board.
However, the condition is unlikely to stop him from playing competitive cricket with the 36-year-old looking set to appear for Rangpur Riders in their Bangladesh Premier League match against Khulna Tigers on Friday.
The player had complained of issues with his eye after which he consulted Ophthalmologists in Bangladesh and overseas and after multiple eye assessments, the final diagnosis confirmed an issue with the retina of his left eye.
Bangladesh have provided an update on Shakib Al Hasan's medical condition.https://t.co/hD8LhCRfZ8
— ICC (@ICC) January 24, 2024
“Shakib has been complaining of subtle issues with his left eye. After consulting Ophthalmolog","https://indianexpress.com/article/sports/cricket/shakib-al-hasan-diagnosed-with-retinal-condition-in-left-eye-will-continue-to-play-cricket-9127813/",99,"2024-01-25","sports"
"Virat Kohli named 2023 ICC ODI cricketer of the year, Pat Cummins wins Sir Garfield Sobers Trophy. For a year that saw him finish as the highest run scorer at a home ODI World Cup, Virat Kohli has been named as the ICC men’s ODI player of the year (2023).
Kohli, who was an integral part of India’s road to the World Cup final against Australia, finished the year with a whooping 1,377 runs in the 50-overs format which included six centuries and eight fifties.
The 35-year-old also surpassed Sachin Tendulkar as the player with most hundreds in the format when he notched up his 50th triple figure score against New Zealand in the World Cup semifinal.
This is the seventh individual ICC award won by Kohli during his glittering career, and his fourth in the ODI category after previous wins in 2012, 2017 and 2018.
A half-century of CENTURIES 🤯
Virat Kohli, take a bow! 🙌#CWC23 | #INDvNZ pic.twitter.com/bYQlI7uhnK
— ICC Cricket World Cup (@cricketworldcup) November 15, 2023
Among other honors be","https://indianexpress.com/article/sports/cricket/virat-kohli-named-2023-icc-odi-cricketer-of-the-year-pat-cummins-wins-sir-garfield-sobers-trophy-9127756/",100,"2024-01-25","sports"
"India vs England 1st Test: How Bazball played out amidst the craft and cunning of India’s spin trio. More than the roar from the 24,000 odd spectators and the jubilant celebrations in the middle, it was the sigh of relief from the Indian players at the fall of every England batsman that defined Day 1 of the first Test. It was a day where England’s aggressive approach lived up to its hype until their charismatic captain Ben Stokes (70 off 88) fell as the last wicket.
A first innings total of 246 is definitely not the most damaging one—India have already sped to 119/1—that the Babzallers had inflicted on the opposition. However, on a turning track, in conditions where their approach was untested against three world-class spinners, it was as enterprising as it was anywhere else. This was not at all a bad beginning, though the challenge would be to prolong it a bit more.
This approach of England suited perfectly to the conditions that India threw up. They had more reasons to rely on it, as","https://indianexpress.com/article/sports/cricket/india-vs-england-1st-test-how-bazball-played-out-amidst-the-craft-and-cunning-of-indias-spin-trio-9127765/",101,"2024-01-25","sports"
"Australia’s Cameron Green takes field in 2nd Test vs West Indies despite testing Covid positive. Australian allrounder Cameron Green was allowed to take the field despite testing Covid positive for the second Test against West Indies on Thursday. Along with Green, coach Andrew McDonald and opener Travis Head had also contracted the virus with the latter testing negative before the test, according to reports.
During the national anthems, Green was also standing a few feet away from his teammates with the cricket.com.au Instagram confirming the development. “Cameron Green socially distancing at the national anthem – because he’s Covid positive!,” it wrote in the caption.
As the match progressed, Green’s teammate Josh Hazlewood lightheartedly shooed away the allrounder from the celebrations when a West Indies wicket fell.
View this post on Instagram
A post shared by cricket.com.au (@cricketcomau)
Meanwhile, in the match, Mitchell Starc became the fifth Australian bowler to take 350 Test w","https://indianexpress.com/article/sports/cricket/australias-cameron-green-takes-field-in-2nd-test-vs-west-indies-despite-testing-covid-positive-9127607/",102,"2024-01-25","sports"
"India vs England: Why is it nearly impossible to score big runs against R Ashwin, Ravindra Jadeja and Axar Patel on turning tracks. Monty Panesar’s wicket of Sachin Tendulkar in the 2012 series is probably a dream dismissal for any spinner. The ball pitched on the middle stump and turned sharply to hit the top of the off-stump, while the batter was trying to work the ball on the leg side. The ball after pitching fizzed through giving the batter no time to adjust. The speed gun read 95.4 KPH.
“I think when you are bowling quicker and bowling a good delivery the batter then neither commits forward or back which makes it difficult,” Panesar told The Indian Express. This is where the likes of Ravichandran Ashwin, Ravindra Jadeja, and Axar Patel have been lethal in home conditions. Though there is help from the pitches the Indian trio has been quicker through the air not giving the batters enough time to adjust and then an error in judgment in either picking lines or lengths makes them near","https://indianexpress.com/article/sports/cricket/india-vs-england-why-is-it-nearly-impossible-to-score-big-runs-against-ravichandran-ashwin-ravindra-jadeja-and-axar-patel-on-turning-tracks-9127165/",103,"2024-01-25","sports"
"Australian Open: Rohan Bopanna and Matthew Ebden storm into final with hard-fought win. Rohan Bopanna entered the final of the Australian Open to move within one victory of claiming his maiden men’s doubles title at a Grand Slam. Bopanna and his Australian partner Matthew Ebden defeated Zhang Zhizhen of China and Tomas Machac of Czech Republic 6-3 3-6 7-6 (10-7) in just over two hours on Thursday.
When the Indian tennis ace had combined with Ebden to win their quarter-final earleir in the tournament, Bopanna had assured himself the world No 1 spot in men’s doubles, thus making him the oldest man to ever get to that spot for the first time at the age of 43. Bopanna thus becomes the fourth Indian to get to the top of the world rankings after Leander Paes, Mahesh Bhupathi (both in men’s doubles) and former women’s doubles world No 1 Sania Mirza.","https://indianexpress.com/article/sports/tennis/australian-open-rohan-bopanna-and-matthew-ebden-storm-into-final-with-hard-fought-win-9126785/",104,"2024-01-25","sports"
"Roger Federer meets Neeraj Chopra, says: ‘Amazed by how much Neeraj has achieved personally’. Indian Olympic and world champion Neeraj Chopra met tennis legend Roger Federer at Zurich recently in what was a dream-come-true moment for the javelin thrower.
“It’s a dream come true for me to meet Roger Federer here in Zurich. I have always admired his skill, his spirit of true sportsmanship and his ability to inspire millions around the world. Today, however, what inspired me the most was his humility and his easy-going charm that made me feel so comfortable in his presence. We had a wonderful time exchanging notes about our respective passions and life’s experiences on and off the field,” Neeraj said after the meeting at Zurich’s La Réserve Eden au Lac.","https://indianexpress.com/article/sports/sport-others/roger-federer-meets-neeraj-chopra-says-amazed-by-how-much-neeraj-has-achieved-personally-9127031/",105,"2024-01-25","sports"
"India vs England: By leaving Anderson out of first Test, visitors are disregarding an ageless genius who has enjoyed success in the country in the past. James Anderson would begin his sixth Test trip to India as a passenger, ripping his nails on the dressing room balcony on hot Hyderabad days, or putting on an expressionless expression towards the cameras that would invariably pan on him. The 41-year-old would be missed, for the art he possesses and the fear he provokes.
His omission when Ben Stokes named the eleven would have induced gasps and smirks — conventional wisdom suggests your most experienced cricketer should start in the first Test of the most harrowing trip of the season. But the England of Stokes and Brendon McCullum does not travel the travelled paths. The soul of cricket’s latest entry to the dictionary — Bazball — is non-linear thinking, of non-conformity.","https://indianexpress.com/article/sports/cricket/india-vs-england-first-test-hyderabad-james-anderson-dropped-9126382/",106,"2024-01-25","sports"
"India versus England: Hyderabad pitch will turn, but by when and how much. The arrival of Bazball and the fixation around it means all the usual noise that comes up in the lead up to a Test in India is rather quiet. So much so that when Rohit Sharma and Ben Stokes fronted up to the media on Wednesday, there was just one question about the pitch on offer for the first Test at the Rajiv Gandhi International Cricket Stadium.
“It looks good,” was all that Rohit had to offer. Not a word more or less. The attention was understandably more on Bazball and whether it could work in these parts, an unchartered territory as far as Stokes & Co. are concerned.","https://indianexpress.com/article/sports/cricket/india-vs-england-hyderabad-pitch-will-turn-but-by-when-and-how-much-9126372/",107,"2024-01-25","sports"
"Bazball is not about scoring 6-7 runs an over, it’s about trying to be the best version of yourself: Dinesh Karthik. Dinesh Karthik was among the first ones to experience the influence of Brendon McCullum’s aggressive approach to coaching. Karthik was the captain and McCullum the coach when Kolkata Knight Riders scripted a memorable comeback story in the 2021 IPL, before the Kiwi took over as England’s Test team coach.
Follow our live coverage of the IND vs ENG 1st Test","https://indianexpress.com/article/sports/cricket/dinesh-karthik-exclusive-interview-bazball-ind-vs-eng-test-series-9126338/",108,"2024-01-25","sports"
"Sathiyan focusing on mixed doubles with Manika Batra in Olympics lead-up as singles too tough. A WTT Star Contender held in India is where star paddler G Sathiyan would normally want to give his all and take advantage of home comforts to reach the tournament’s later rounds and improve his world ranking.
Since 2019, he’s been driven to maintain his place among the top 50 in the world, with entering the top 20 his ultimate target.
On Wednesday at the WTT Star Contender Goa at the Peddem Indoor Stadium in Mapusa though, there was a shock in store for him. He’s used to being in the main draw of singles events, but low ranking meant he had to go through qualifying after not getting a wildcard. He won his first round of qualifiers, but then suffered a shock 3-2 (7-11, 11-7, 6-11, 11-7, 8-11) loss to World No.194 Vincent Picard in a topsy-turvy match.
Normally, he would be distraught after such a loss, but Sathiyan just shook off the disappointment, came to the practice arena, and asked his m","https://indianexpress.com/article/sports/sport-others/g-sathiyan-mixed-doubles-manika-batra-paris-olympics-singles-tough-9126319/",109,"2024-01-25","sports"
"Australian Open 2024: New doubles No.1 Rohan Bopanna credits composure, ‘Iyengar’ yoga, focus on recovery for reaching summit at age 43. At the end of the 2022 season, with Rohan Bopanna well into his forties with his career seemingly having seen its peak, there were not many options left in the locker room for the doubles veteran to pick a partner. As he puts it, the collaboration with Australia’s Matthew Ebden, at a similar crossroads in his career, was born out of both necessity and a mutual connection.
The duo became an instant hit, not only revitalising their careers, but also taking each other to the summit of the sport. On Wednesday, after their straight-sets win over the sixth-seeded Argentinian pair of Maximo Gonzalez and Andres Molteni, Bopanna became the oldest World No.1 in history at the age of 43, taking the top spot in the men’s doubles rankings for the first time in his career. Ebden will be right behind him with the same number of ranking points but fewer tournaments p","https://indianexpress.com/article/sports/tennis/australian-open-2024-new-doubles-no-1-rohan-bopanna-9126224/",110,"2024-01-25","sports"
"WPL 2024 schedule: Delhi and Bangalore to host 11 games each, 2023 finalists to lock horns in season opener. The second edition of the Women’s Premier League (WPL) will be staged in Bangalore and Delhi, the The Board of Control for Cricket in India (BCCI) confirmed on Wednesday as they announced the schedule of the upcoming season. While the first half of the season shall be played in Bangalore, the final 11 games including the Eliminator and the final shall be hosted in Delhi.
The new season of the five-team league will kickstart from February 23, with last year’s two finalists – Mumbai Indians and Delhi Capitals – getting us underway at the Chinnaswamy Stadium in Bangalore.
Excitement levels 🔛 for #TATAWPL Season 2 🤩
Which fixture are you looking forward to the most? 🤔 pic.twitter.com/cM76wDwSte
— Women’s Premier League (WPL) (@wplt20) January 24, 2024
With the top-ranked side at the end of the 20 league stage games getting a pass through to the final, the Eliminator will be playe","https://indianexpress.com/article/sports/cricket/wpl-2024-schedule-matches-host-delhi-bangalore-9126140/",111,"2024-01-25","sports"
"India vs England: Can Shubman Gill and Shreyas Iyer fill the void left by Virat Kohli?. On Tuesday, Shubman Gill was named India’s men cricketer of 2023. On Wednesday, a day before India’s first Test against England, he turned up for a full-on nets session at the Rajiv Gandhi International Stadium in Hyderabad. It’s a rare sight because most first-eleven regulars skip the match-eve practice session. Mostly, only the back-ups turn up, more in the hope of an opportunity opening up at the last minute.
But few batsmen in India’s line-up, weakened by the absence of Virat Kohli, would be as under pressure as Gill could be. So he slogged for a good couple of hours in the nets under the unusually searing January sun. After starting off against seamers, he quickly shifted to facing the spinners (all net bowlers). Having struggled in the past against off-spinners, he would seek one out and instruct him to bowl a bit slower through the air as he alternated between attack and defence. There were t","https://indianexpress.com/article/sports/cricket/india-vs-england-can-gill-and-iyer-fill-the-virat-void-9125985/",112,"2024-01-25","sports"
"IND vs ENG: England cricketer Shoaib Bashir granted visa, say MEA sources. England cricketer Shoaib Bashir has finally got an India visa even though the travel formalities were completed too late for the youngster to make his debut in the first Test starting in Hyderabad on Thursday. This comes after the British Prime Minister got involved in the matter and there was much outrage in that country’s media.
A source in India’s Ministry of External Affairs (MEA) confirmed that Bashir had been granted a visa on his return to the United Kingdom. It is also learnt that the reason his application got cleared much later than the other members of the England team was his Pakistani origin.
You have exhausted your monthly limit of free stories.
Register to read more stories
Continue With:-
Google
Facebook
Email
Already have an account? Sign in","https://indianexpress.com/article/sports/cricket/england-cricketer-shoaib-bashir-granted-visa-mea-sources-9125925/",113,"2024-01-25","sports"
"IND vs ENG 1st Test Playing XI: KL Rahul to take number four spot, KS Bharat to take gloves and Axar Patel to play ahead of Kuldeep Yadav. India vs England Test Squad Announcement: India will take on England in the first of a five-match Test series at the Rajiv Gandhi International Stadium in Hyderabad on Thursday. While India has been dominant in the home Tests for over a decade now they will be facing a challenge like never before with the England team under Ben Stokes and Brendon McCullum at the helm looking to change the formula of how Test matches should be approached which is to play attacking cricket.
England was the last team to beat India in 2012 under Alastair Cook. However, that team relied more on playing the orthodox way and grind out the results. This one is more on the flamboyant side of the spectrum and would come all guns blazing at the Indian side. Though The Men in Blue might not have faced a challenge like this before this group of players have plenty of experience ","https://indianexpress.com/article/sports/cricket/ind-vs-eng-1st-test-playing-xi-kl-rahul-to-take-number-four-spot-ks-bharat-to-take-gloves-and-axar-patel-to-play-ahead-of-kuldeep-yadav-9125749/",114,"2024-01-25","sports"
"India vs England Live Streaming, 1st Test: When and where to watch IND vs ENG 1st Test?. IND vs ENG 1st Test Live Streaming Details: India’s unalloyed dominance at home over the last 12 years will be put through its most unique examination till date when Rohit Sharma’s side faces a trend-defying England in the first match of what promises to be a stirring five-Test series from Thursday.
If one further breaks down the stats, India have lost just three Tests out of 44 they played in their own backyard in this phase, and this is a power walk even beyond the all-conquering West Indies in the ’80s or Australia of the turn of the century. Several factors have contributed to this astonishing run over the last decade, including favourable pitches, bowlers who knew how to exploit those tracks and batters who churned out runs like popcorn from a vending machine.
You have exhausted your monthly limit of free stories.
Register to read more stories
Continue With:-
Google
Facebook
Email
Already have","https://indianexpress.com/article/sports/cricket/india-vs-england-live-streaming-1st-test-when-and-where-to-watch-ind-vs-eng-1st-test-9125671/",115,"2024-01-25","sports"
"India vs England: Ben Stokes picks three spinners in playing XI for 1st IND vs ENG Test in Hyderabad. England announced their playing eleven for the first Test at the Rajiv Gandhi International Stadium in Hyderabad a day before the Test. The visitors have picked three spinners in their lineup and one pacer in Mark Wood. Left-arm spinners Jack Leach and Tom Hartley addition to leg-spinner Rehan Ahmed are included in the playing eleven.
Monty Panesar speaking to this Newspaper would rate young Hartley highly and compare him to Axar Patel, “He’s a similar bowler to Axar. He is more of a roller. Axar knows he doesn’t have to put much spin on it. He looks to set the batter up to the non-turning delivery. And then you’ll get the odd one because his seam is slightly squarer, he’ll get that ball to bite that little bit. Not as sharp as Jadeja. That’s why they complement each other. One’s tall, the other one is a bit shorter.”
You have exhausted your monthly limit of free stories.
Register to r","https://indianexpress.com/article/sports/cricket/india-vs-england-ben-stokes-picks-three-spinners-in-playing-xi-for-1st-ind-vs-eng-test-in-hyderabad-9125402/",116,"2024-01-25","sports"
"‘Test may get over by day-and-a-half’: Mohammed Siraj’s verdict on England using Bazball in IND vs ENG series. With England travelling to India to play a five-match Test series, a lot of chatter has been focussed on whether England will look to adopt Bazball tactics against the hosts. India will start as favourites having never lost a Test series at home in nearly 12 years, claiming 16 series victories at home on the bounce.
Indian pacer Mohammed Siraj believes that if England chose to employ Bazball tactics against India, matches might head for lightning-quick ends.
You have exhausted your monthly limit of free stories.
Register to read more stories
Continue With:-
Google
Facebook
Email
Already have an account? Sign in","https://indianexpress.com/article/sports/cricket/test-may-get-over-on-day-and-a-half-mohammed-sirajs-verdict-on-england-using-bazball-in-ind-vs-eng-series-9125088/",117,"2024-01-25","sports"
"‘Indian tennis needed this’: Rohan Bopanna to become oldest World No 1 at 43 after reaching Australian Open semis. Indian tennis ace Rohan Bopanna will be crowned as the World No 1 in men’s doubles after reaching the semifinals of the Australian Open along with his partner Matthew Ebden on Wednesday. Bopanna will be the oldest player to become World No 1, beating the record set by USA’s Rajeev Ram, who reached the ranking summit in October 2022 at the age of 38.
The 43-year-old Bopanna paired with Ebden to brush aside the sixth seeds from Argentina Máximo González and Andrés Molteni in straight sets 6-4, 7-6 (5) in a quarterfinal that lasted an hour and 46 minutes. Up next for Bopanna and Ebden are the unseeded Tomas Machac and Zhizhen Zhang.
Bopanna will thus become only the fourth Indian after Leander Paes, Mahesh Bhupathi and Sania Mirza to take the world number one rank in doubles.
Rohan Bopanna & Mark Ebden storm into the #AO2024 semis with a straight sets win over their 🇦🇷 oppo","https://indianexpress.com/article/sports/tennis/indian-tennis-needed-this-rohan-bopanna-to-become-oldest-world-no-1-at-43-after-reaching-australian-open-semis-9125039/",118,"2024-01-25","sports"
"AFC Asian Cup: India finish pointless, goalless but coach Igor Stimac says ‘we can compete at this level’. Three games, over 270 minutes of football, six goals conceded, none scored and no points earned – India’s campaign at the 2023 AFC Asian Cup came to an underwhelming end on Tuesday with the team succumbing to a 1-0 loss to Syria at the Al Bayt Stadium in Doha.
The final 10 minutes of the game were a sight to behold – eerily similar to how the curtain came crashing down for the men’s football team at the Asian Games. It was a group of 11 chasing, harrying and finally winning the ball, only to have every good idea come to naught with no final ball and an end product. The lack of options when presented with the ball and helplessness at the continental level has been a resounding theme around the two teams Igor Stimac has taken to the two big assignments at the end of 2023 and the beginning of 2024.
You have exhausted your monthly limit of free stories.
Register to read more stories
C","https://indianexpress.com/article/sports/football/afc-asian-cup-india-finish-pointless-goalless-but-coach-igor-stimac-says-we-can-compete-at-this-level-9124673/",119,"2024-01-25","sports"
"IND vs ENG: Ben Stokes says he’s ‘frustrated’ by visa delay for Shoaib Bashir that ruled him out of 1st Test. England cricket team skipper Ben Stokes has spoken of his “frustration” over the visa delay of spinner Shoaib Bashir for their tour of India, which will start on Thursday with the first Test to be held at Hyderabad.
England are scheduled to play five Tests against India, and have picked an inexperienced troika of spinners including Bashir. The 20-year-old will be missing the first Test due to the delay and it is learnt that the Somerset off spinner has had to return to the UK.","https://indianexpress.com/article/sports/cricket/ind-vs-eng-ben-stokes-says-hes-frustrated-by-visa-delay-for-shoaib-bashir-that-ruled-him-out-of-1st-test-9124635/",120,"2024-01-25","sports"